original_shape_Elongation,original_shape_Flatness,original_shape_LeastAxisLength,original_shape_MajorAxisLength,original_shape_Maximum2DDiameterColumn,original_shape_Maximum2DDiameterRow,original_shape_Maximum2DDiameterSlice,original_shape_Maximum3DDiameter,original_shape_MeshVolume,original_shape_MinorAxisLength,original_shape_Sphericity,original_shape_SurfaceArea,original_shape_SurfaceVolumeRatio,original_shape_VoxelVolume,original_firstorder_10Percentile,original_firstorder_90Percentile,original_firstorder_Energy,original_firstorder_Entropy,original_firstorder_InterquartileRange,original_firstorder_Kurtosis,original_firstorder_Maximum,original_firstorder_MeanAbsoluteDeviation,original_firstorder_Mean,original_firstorder_Median,original_firstorder_Minimum,original_firstorder_Range,original_firstorder_RobustMeanAbsoluteDeviation,original_firstorder_RootMeanSquared,original_firstorder_Skewness,original_firstorder_TotalEnergy,original_firstorder_Uniformity,original_firstorder_Variance,original_glcm_Autocorrelation,original_glcm_ClusterProminence,original_glcm_ClusterShade,original_glcm_ClusterTendency,original_glcm_Contrast,original_glcm_Correlation,original_glcm_DifferenceAverage,original_glcm_DifferenceEntropy,original_glcm_DifferenceVariance,original_glcm_Id,original_glcm_Idm,original_glcm_Idmn,original_glcm_Idn,original_glcm_Imc1,original_glcm_Imc2,original_glcm_InverseVariance,original_glcm_JointAverage,original_glcm_JointEnergy,original_glcm_JointEntropy,original_glcm_MCC,original_glcm_MaximumProbability,original_glcm_SumAverage,original_glcm_SumEntropy,original_glcm_SumSquares,original_gldm_DependenceEntropy,original_gldm_DependenceNonUniformity,original_gldm_DependenceNonUniformityNormalized,original_gldm_DependenceVariance,original_gldm_GrayLevelNonUniformity,original_gldm_GrayLevelVariance,original_gldm_HighGrayLevelEmphasis,original_gldm_LargeDependenceEmphasis,original_gldm_LargeDependenceHighGrayLevelEmphasis,original_gldm_LargeDependenceLowGrayLevelEmphasis,original_gldm_LowGrayLevelEmphasis,original_gldm_SmallDependenceEmphasis,original_gldm_SmallDependenceHighGrayLevelEmphasis,original_gldm_SmallDependenceLowGrayLevelEmphasis,original_glrlm_GrayLevelNonUniformity,original_glrlm_GrayLevelNonUniformityNormalized,original_glrlm_GrayLevelVariance,original_glrlm_HighGrayLevelRunEmphasis,original_glrlm_LongRunEmphasis,original_glrlm_LongRunHighGrayLevelEmphasis,original_glrlm_LongRunLowGrayLevelEmphasis,original_glrlm_LowGrayLevelRunEmphasis,original_glrlm_RunEntropy,original_glrlm_RunLengthNonUniformity,original_glrlm_RunLengthNonUniformityNormalized,original_glrlm_RunPercentage,original_glrlm_RunVariance,original_glrlm_ShortRunEmphasis,original_glrlm_ShortRunHighGrayLevelEmphasis,original_glrlm_ShortRunLowGrayLevelEmphasis,original_glszm_GrayLevelNonUniformity,original_glszm_GrayLevelNonUniformityNormalized,original_glszm_GrayLevelVariance,original_glszm_HighGrayLevelZoneEmphasis,original_glszm_LargeAreaEmphasis,original_glszm_LargeAreaHighGrayLevelEmphasis,original_glszm_LargeAreaLowGrayLevelEmphasis,original_glszm_LowGrayLevelZoneEmphasis,original_glszm_SizeZoneNonUniformity,original_glszm_SizeZoneNonUniformityNormalized,original_glszm_SmallAreaEmphasis,original_glszm_SmallAreaHighGrayLevelEmphasis,original_glszm_SmallAreaLowGrayLevelEmphasis,original_glszm_ZoneEntropy,original_glszm_ZonePercentage,original_glszm_ZoneVariance,original_ngtdm_Busyness,original_ngtdm_Coarseness,original_ngtdm_Complexity,original_ngtdm_Contrast,original_ngtdm_Strength
0.832426295,0.456458334,13.0139051,28.51060905,29.15475947,31.04834939,31.38470965,32.54228019,6289.208333,23.73298067,0.809150856,2036.347762,0.323784434,6315,386,3642,26574944180,7.123513705,1462,4.886649658,7928,1038.216841,1551.985115,1028,150,7778,673.5864113,2051.395994,1.521694197,26574944180,0.010084474,1799567.727,6089.873037,517764430.8,1559574.228,10831.56326,1245.114455,0.7950714,22.74814193,5.88545209,700.6204657,0.129260669,0.066497609,0.988507911,0.937095729,-0.299173402,0.993197283,0.069189873,60.75910258,0.000279939,12.28619127,0.821208912,0.001544476,121.5182052,8.136409313,3019.169428,8.353661238,2907.517815,0.460414539,0.62622892,63.6834521,2879.437981,6081.940459,2.970546318,11151.17213,0.02175656,0.005423377,0.693762998,5051.035474,0.003104593,61.68874437,0.009972216,2898.138786,6148.354399,1.063888391,6331.014319,0.005882686,0.005370542,7.258246979,5940.709713,0.960302089,0.979572447,0.021665488,0.984715143,6103.205962,0.005250161,42.07934535,0.008717494,3119.443159,6999.749741,2.464263518,10314.99565,0.017890032,0.004740774,3213.88005,0.665813145,0.84284436,6383.867129,0.00358899,8.130369859,0.764370546,0.752703581,0.070332887,0.001507853,513454.559,1.079044324,99.34462353
0.719306337,0.475140424,14.29876906,30.0937751,33.06055051,27.20294102,34.4818793,34.79942528,6510.5,21.64664314,0.804086008,2096.964999,0.322089701,6537,540,4815.6,49971462548,7.613880578,2196,4.044813575,9190,1384.15459,2150.495028,1510,182,9008,945.7815563,2764.851356,1.289397774,49971462548,0.006845841,3019774.154,11542.91207,1215648544,2859232.268,18390.57069,1582.023515,0.842052372,28.68323026,6.22493517,715.3863212,0.100336532,0.046438072,0.988504171,0.930597243,-0.341343042,0.997364301,0.048209733,85.66113743,0.000175062,12.78164097,0.854648433,0.000876829,171.3222749,8.599261029,4993.14855,8.592307928,3631.851767,0.555583871,0.397045481,44.75126205,4831.443369,11158.20147,2.2577635,18188.04482,0.007543411,0.002957757,0.769737945,9651.950303,0.002118653,43.8290384,0.006799885,4850.056056,11231.60575,1.043170543,11488.14359,0.003108456,0.002947675,7.705697007,6267.968454,0.972410528,0.98599687,0.014479342,0.989461674,11167.69154,0.00290959,34.04325419,0.006266014,5068.819034,12150.44579,1.759064973,16420.38561,0.005589349,0.002815712,3978.491625,0.732282648,0.879962773,11306.65847,0.002381998,8.369984601,0.83111519,0.311368355,0.035126028,0.00188457,797730.5907,1.331765163,146.0243152
0.725382757,0.419020519,12.56792204,29.99357186,29.61418579,26.30589288,32.55764119,33,5757.5,21.75681985,0.803098598,1934.362606,0.335972663,5783,504,4924.4,46958969540,7.677038101,2205,4.407432682,9910,1419.52243,2197.760678,1588,182,9728,954.3728737,2849.592001,1.359448763,46958969540,0.006436038,3290022.573,12305.60573,1652072414,3616444.511,20365.36097,1415.102382,0.870530775,26.96993752,6.15156777,663.3885043,0.104170107,0.048590296,0.991102731,0.938689486,-0.367397186,0.99831168,0.051748131,86.98411507,0.000185828,12.66195319,0.885146187,0.000865681,173.9682301,8.658778813,5445.115839,8.611421829,3232.811862,0.559019862,0.403998327,37.2196092,5264.32979,11895.1271,2.260245547,19375.46153,0.01378417,0.003892727,0.772707313,10209.37141,0.002584639,36.45119684,0.006392224,5277.844903,11970.56813,1.04281614,12249.86432,0.004144474,0.003849783,7.766329917,5545.542183,0.972461749,0.986059937,0.014287944,0.989491254,11901.02033,0.00377642,28.6161658,0.005930812,5419.07376,12859.16415,1.753989637,17362.10611,0.009528629,0.003387776,3548.743834,0.73549095,0.881763051,11894.93288,0.002844916,8.390177933,0.834342037,0.317469398,0.02615093,0.002364798,847426.3443,1.290995274,201.4555144
0.71867824,0.454354377,14.05574182,30.9356364,31.57530681,27.45906044,35.35533906,36.02776707,6834.666667,22.23276871,0.80335715,2167.972089,0.317202315,6861,456,4854,50985585856,7.588217803,2178,4.075694178,9910,1403.947845,2071.865909,1422,162,9748,956.9598606,2726.026023,1.313347004,50985585856,0.00706534,3138589.533,11384.02868,1310073113,3071917.316,19244.80847,1570.2499,0.84971209,27.77560852,6.190312125,762.5272158,0.108038213,0.052167381,0.990244622,0.937514642,-0.341401645,0.997339574,0.054034085,83.44178648,0.000188213,12.74726166,0.864720659,0.001015284,166.883573,8.602770902,5203.764593,8.636195015,3607.514794,0.525800145,0.488288047,48.47529515,5022.332805,11012.29413,2.496574843,18284.72176,0.01265764,0.003564719,0.748750587,9461.535175,0.002418212,47.25730586,0.007000039,5043.124137,11104.00907,1.049511031,11369.46022,0.003807136,0.003535296,7.694293365,6537.992154,0.968417694,0.98395614,0.016564944,0.987914809,11038.29363,0.00347231,35,0.00628592,5278.236994,12226.15409,1.922234195,16775.55388,0.008621829,0.003273471,3995.658405,0.717611064,0.871697503,11335.78726,0.002765441,8.414901698,0.811543507,0.403868492,0.041334728,0.001878579,742147.6456,1.371273045,146.1999426
0.821271576,0.577567233,14.68343496,25.42290167,29.12043956,24.51530134,27.89265136,29.47880595,5499.125,20.87910651,0.835285564,1803.757749,0.328008138,5523,396,3813.6,25265656372,7.207965049,1636,4.316672408,7942,1088.296376,1626.340395,1094,166,7776,719.6495706,2138.837407,1.401652134,25265656372,0.009368457,1929642.373,6816.208217,520667140,1584175.738,11678.8604,1134.907872,0.823548225,23.81473902,5.969352251,542.6102655,0.116768925,0.057217615,0.989009226,0.933278647,-0.315261435,0.994956994,0.05956083,64.64242636,0.000252946,12.33307421,0.837393328,0.001264056,129.2848527,8.223815563,3203.442068,8.30462715,2766.052689,0.500824314,0.502771532,51.74198805,3088.021513,6637.876879,2.604562738,12268.11009,0.02272565,0.005664589,0.727069675,5495.202441,0.003523085,50.42467488,0.00929056,3097.97239,6687.726335,1.053596822,6889.817536,0.006107789,0.005599321,7.320231314,5243.448519,0.966031757,0.982701709,0.017974467,0.986973116,6637.429786,0.005479312,36.94588449,0.00840061,3216.528793,7318.439063,2.020691223,10799.0814,0.014977572,0.004999759,3034.673943,0.690012265,0.856877184,6664.436541,0.004028239,8.087677837,0.796306355,0.44366238,0.061051956,0.001908376,448146.5582,1.147232085,106.7574705
0.84671378,0.517587056,14.20635354,27.4472736,27.45906044,29.15475947,31.06444913,31.55946768,6490.916667,23.23998477,0.838719753,2006.340356,0.309099694,6516,458,4462,40502000212,7.453416011,2146.5,3.21357328,7534,1281.391434,1944.290669,1347,170,7364,927.6098862,2493.145921,1.071854271,40502000212,0.007722597,2435510.377,9350.517182,626577535.3,1678988.661,15035.55786,1196.496664,0.85319419,24.61261581,6.020336863,566.7883668,0.11585764,0.057007317,0.987151826,0.928025948,-0.330990058,0.996510148,0.060578619,76.74429656,0.000228,12.55552577,0.874431048,0.001213333,153.4885931,8.418887097,4058.01363,8.517008322,3353.428177,0.514645208,0.519789696,50.32044199,3896.404289,9123.143953,2.584100675,15469.31799,0.009317257,0.003189563,0.740447082,7764.917565,0.002257359,48.84068184,0.007623466,3908.81089,9201.956779,1.052190454,9434.749906,0.003375352,0.003179986,7.565156445,6196.617194,0.967182509,0.983201114,0.017637776,0.987415921,9144.203392,0.003132723,34.51307002,0.006585207,4034.849803,10160.32379,2.007250525,14093.08872,0.00678966,0.00308678,3726.520702,0.71103238,0.86815016,9371.424582,0.002624725,8.313122714,0.804327808,0.461519827,0.053218424,0.001964929,461621.3356,1.401711618,91.13335188
0.725622445,0.414260262,12.85243089,31.02501508,32.06243908,26.68332813,34.98571137,35.21363372,6331.708333,22.51244729,0.801815409,2064.224812,0.326013882,6357,326,1974,8933377396,6.36452349,822,4.37327957,4456,528.5834362,975.7196791,766,130,4326,359.2436788,1185.445889,1.299082478,8933377396,0.015516024,453253.0641,1895.603014,25739505.04,153037.6111,2614.356803,371.8485914,0.751484649,13.99945037,5.23905721,171.0799288,0.159659824,0.086587023,0.988392964,0.929698633,-0.197232298,0.958191092,0.089166346,36.5326049,0.000478985,11.59713886,0.771566977,0.002011137,73.06520981,7.328970668,746.5513486,7.847668691,2452.003933,0.385717152,0.831760524,98.63536259,725.0980154,1918.720623,3.742173981,4510.141419,0.027913503,0.005977155,0.618994786,1456.943676,0.00328706,94.80741141,0.015329756,730.4960573,1943.034977,1.085921924,2031.973346,0.006592702,0.005930976,6.541763004,5860.142489,0.947466441,0.972846408,0.029129233,0.979606011,1921.278099,0.00577713,59.05866426,0.013325511,790.5901138,2259.752031,3.130640794,4178.353565,0.023516963,0.00538241,2646.725632,0.597185386,0.801095691,1978.533976,0.004126928,7.613939337,0.697184206,1.073306245,0.181512824,0.00148835,95876.35492,0.58222995,22.96061387
0.877381853,0.482803006,13.20237159,27.34525559,27.20294102,31.25699922,31.04834939,32.26453161,6187.458333,23.99223104,0.815723001,1998.095651,0.322926724,6213,362,3223.6,21172004468,7.000778808,1558,3.947152886,7496,940.9136952,1434.8479,978,166,7330,667.6697829,1845.994113,1.232115629,21172004468,0.010802026,1348905.77,4817.308586,213517622.1,756800.5424,8034.40272,912.9792916,0.7965161,20.9455681,5.800476751,460.1731,0.131971329,0.068079206,0.990018398,0.937493542,-0.281402429,0.990452383,0.071202624,55.10251326,0.000325801,12.16926211,0.829469906,0.001580576,110.2050265,7.976920003,2236.845503,8.2190941,2852.978754,0.459195035,0.657383473,67.11298889,2158.306115,4853.257846,3.022533398,8435.345405,0.025147499,0.006518147,0.692425938,4112.013249,0.003938494,64.69157345,0.010632067,2171.547826,4912.885981,1.064639701,5043.506444,0.007049842,0.00646717,7.140446921,5839.703988,0.959703592,0.979311369,0.021820155,0.984475485,4880.976747,0.006330317,41.92891795,0.008843897,2316.71116,5672.568445,2.387049146,8035.909935,0.018175904,0.005896847,3147.825564,0.663958145,0.8416735,5225.426222,0.004634866,8.039515324,0.763077418,0.669683399,0.087686638,0.001647075,317476.4663,1.09623949,59.91220782
0.704712116,0.424244963,12.62809164,29.76603791,30.41381265,27.20294102,31.38470965,35,5607.208333,20.97648755,0.803284323,1900.112412,0.338869594,5633,450,4067.6,29033897252,7.282922872,1882,3.524226593,6822,1160.028541,1762.271969,1198,174,6648,813.5438948,2270.297611,1.187269839,29033897252,0.008873019,2048648.751,7810.052619,480736157.5,1431964.162,12513.64027,1085.72873,0.840996383,23.87868002,5.969986048,491.8477724,0.115777264,0.056712225,0.98568422,0.922996655,-0.32416312,0.995780551,0.060094867,70.36003503,0.000250079,12.3785368,0.853921864,0.001281551,140.7200701,8.288039665,3399.84225,8.351841678,2872.621161,0.509962926,0.472573161,49.98171489,3277.41379,7503.013847,2.52245695,13571.03479,0.01093842,0.003336014,0.733950651,6226.56323,0.002131487,48.63757728,0.008780137,3286.476435,7556.502202,1.051350602,7777.22894,0.003559757,0.003310511,7.392261835,5359.019091,0.96737753,0.983394557,0.017212602,0.987503187,7501.604226,0.003250133,34.95790873,0.007744331,3379.700495,8226.315463,1.988701817,12128.28423,0.007687474,0.003011438,3145.44218,0.696819269,0.860684683,7497.062276,0.002416856,8.148421494,0.801349192,0.431458796,0.065401898,0.002018511,376968.0072,1.320979859,87.82767843
0.90399216,0.502936968,12.82182698,25.49390438,27.45906044,26.68332813,28.65309756,29.08607914,5393,23.04628969,0.833393012,1784.519166,0.330895451,5416,332,2441,11006072180,6.626551257,1076.5,4.471019455,5656,689.3735652,1129.371861,802,150,5506,468.9306834,1425.531605,1.362054721,11006072180,0.013619311,756659.5574,2600.011075,68123310.36,317104.5055,4183.155346,858.8894008,0.660779675,18.636177,5.589605802,491.159496,0.150709823,0.082148952,0.984609403,0.928976136,-0.246767958,0.980720872,0.084775805,42.05284311,0.000437873,11.7469979,0.72861297,0.002340729,84.10568621,7.591402878,1260.511187,8.021954523,2223.503693,0.410543518,0.96559772,73.76218612,1210.512862,2786.145495,3.757754801,5741.228213,0.090725301,0.010773167,0.649446571,2241.452539,0.005216945,70.94083764,0.013445181,1219.717392,2826.156454,1.081837308,2929.047925,0.01238428,0.010467379,6.791899285,5014.606265,0.950324944,0.974193273,0.027986371,0.980733586,2801.016267,0.010063132,45.26700767,0.01157724,1326.079193,3312.001023,3.439386189,5375.361637,0.123986103,0.008140678,2483.749361,0.635230016,0.824614336,2981.901125,0.006297636,7.744469553,0.721935007,1.520700676,0.149285244,0.00143844,201733.0268,0.937569247,35.56534945
0.911842232,0.550194727,15.2760062,27.76472664,31.144823,29.41088234,31.06444913,31.591138,7710.083333,25.31705031,0.842500937,2240.198214,0.290554345,7736,346,1941,11068137924,6.36866612,835,4.930083434,4880,524.254576,989.5648914,782,154,4726,355.4468306,1196.131839,1.384828837,11068137924,0.015488566,451492.7016,1892.220973,30649581.6,170976.0165,2676.118552,313.163845,0.79101314,12.90633736,5.127625092,142.8946587,0.167205984,0.092219524,0.991665996,0.939450858,-0.192758771,0.955656636,0.095408961,36.07281726,0.000482329,11.62921702,0.806995951,0.00196044,72.14563451,7.339745457,747.3205993,7.926470267,2844.088418,0.36764328,0.893453123,119.819545,722.5292795,1885.519131,3.990434333,4909.17606,0.032995108,0.007151862,0.5954986,1361.091752,0.003908085,114.9407658,0.015305056,727.892361,1908.415557,1.092711565,2011.782499,0.007922289,0.007114079,6.558754872,7086.05664,0.943472099,0.970775992,0.03143752,0.978018651,1883.384241,0.0069341,69.54465312,0.013327837,789.4269556,2211.141817,3.62054427,4588.789958,0.030903557,0.006601193,3006.830203,0.576241894,0.787642194,1887.944078,0.005039185,7.689297636,0.67450879,1.422559025,0.186475978,0.001293057,101997.599,0.490129952,23.72761937
0.909912656,0.483097554,14.01110127,29.00263345,31.04834939,30.14962686,32.80243893,32.86335345,7656.833333,26.38986323,0.818329601,2295.736254,0.299828422,7684,366,3118,23830232424,6.909657422,1342.5,4.2748037,6992,882.7158789,1358.732431,936,154,6838,596.2110437,1761.04503,1.373608446,23830232424,0.011823618,1255125.778,4471.915328,216816311.2,813964.3519,7706.745412,675.306334,0.839568825,18.2040354,5.607466241,333.1295418,0.141955733,0.074797942,0.991409627,0.941123822,-0.264121748,0.987240195,0.078556533,52.08949731,0.000359378,12.14781642,0.859083674,0.001893519,104.1789946,7.901975961,2095.512937,8.229159939,3307.967205,0.430500677,0.70276257,90.8526809,2008.201492,4396.73178,3.245965643,8656.514966,0.024703822,0.00625265,0.667281723,3564.934717,0.003701805,87.33373649,0.011631507,2020.686338,4449.736633,1.071787498,4601.824609,0.006795026,0.006211301,7.063870531,7175.113999,0.955552279,0.977125295,0.024278412,0.982831252,4412.665043,0.006076244,54.47896497,0.009589679,2156.193967,5132.28921,2.665023763,8059.092941,0.019307325,0.0057186,3662.511354,0.644694834,0.830145974,4631.999478,0.004467025,8.040715856,0.739328475,0.835554431,0.114604037,0.001464941,254799.8109,0.872484558,55.34935442
0.883786581,0.524938712,13.04387948,24.8483855,24.04163056,28.16025568,27.31300057,28.60069929,5114.333333,21.96066967,0.840561546,1707.814224,0.333927046,5142,322,3386,18197823832,6.915143025,1554,3.948388393,6404,1010.700633,1398.963049,826,170,6234,696.4593732,1881.237781,1.334658785,18197823832,0.012594627,1581957.974,5168.001756,332350109.1,1165463.828,9878.138043,731.9421608,0.862556554,18.64661688,5.634704491,373.8908711,0.145780158,0.078692517,0.989064508,0.935248087,-0.316044965,0.993925402,0.082083354,53.67314219,0.000446773,11.79425372,0.8828195,0.002176231,107.3462844,7.90621221,2652.520051,8.215867033,2150.58382,0.418238782,0.792758774,64.76157137,2531.138875,5079.719564,3.455075846,8885.970828,0.037540378,0.00869582,0.65530978,4297.992705,0.004842423,61.9079243,0.012339185,2553.059543,5160.603103,1.07653088,5301.058588,0.00952003,0.008624483,7.07663277,4781.531072,0.952971561,0.975705353,0.025969946,0.981800549,5127.129659,0.008417667,36.05750201,0.009643622,2784.060342,6218.289917,3.061781225,8922.08398,0.034797784,0.007633268,2381.894357,0.637040481,0.825640807,5728.439511,0.005804748,8.078174956,0.727148969,1.170512616,0.075405493,0.002162967,272591.7288,1.032056262,94.79386139
0.862884107,0.51075844,14.33726824,28.07054589,26.30589288,31.57530681,30.87069808,32.01562119,6986.5,24.22162791,0.839762428,2104.589796,0.301236642,7012,294,1002,3170367632,5.357692924,382,3.582294481,1934,224.8730476,611.1203651,562,166,1768,159.740116,672.4095284,0.886643233,3170367632,0.028200454,78666.47325,461.5169977,447400.1554,5229.950798,382.6691592,125.1088074,0.507554547,8.597872009,4.534165189,50.08371325,0.203165457,0.11854432,0.977732188,0.899762925,-0.080013555,0.748938165,0.123050931,19.92645695,0.001031187,10.3508337,0.528893373,0.003112268,39.85291391,6.201797012,126.9444917,7.164576178,2176.59555,0.31041009,1.069929994,197.7415859,125.8357188,485.4064461,4.979178551,1891.681689,0.056906503,0.011993234,0.506007802,291.5041802,0.006429048,189.0309602,0.028010857,127.0850128,489.9652614,1.120932172,534.282244,0.013414148,0.012020014,5.593704868,6262.768197,0.927872953,0.962416078,0.041002312,0.971662305,479.4264678,0.011705154,105.9362319,0.025588462,145.0270179,557.9019324,4.960869565,1885.363285,0.05817143,0.012533659,2017.596135,0.487342062,0.725793614,440.7140742,0.00943424,6.976151113,0.590416429,2.092182781,0.857341891,0.00100759,13401.33528,0.32172071,2.563026679
0.802050922,0.538306921,13.85231653,25.73311987,25.49509757,25,29.41088234,29.42787794,5238.458333,20.63927253,0.843141078,1730.026963,0.330254982,5261,370,3136,16282222092,6.92769884,1362,3.893584332,5838,874.7629945,1372.870937,954,162,5676,594.1206168,1759.230259,1.28634799,16282222092,0.011093853,1210116.493,4536.48502,184465276.2,712156.6052,7380.179112,662.7748385,0.83575967,18.6974154,5.642290105,302.9290527,0.134456425,0.069292001,0.987933033,0.928535563,-0.288345659,0.991152712,0.070381499,53.4425009,0.000328046,12.03195204,0.848030437,0.001634531,106.8850018,7.940423512,2010.738488,8.191269934,2301.775518,0.43751673,0.656551288,58.36475955,1937.209577,4380.285877,3.135335488,9104.695305,0.028377325,0.006794941,0.670671186,3477.649884,0.003975018,56.4089459,0.01096419,1945.611973,4424.460344,1.069222847,4590.285257,0.007407451,0.006733874,7.070486601,4924.111935,0.957026295,0.977907096,0.023374414,0.98341483,4383.456101,0.006581492,37.36271014,0.009516737,2039.312471,5000.573867,2.510697911,8099.164544,0.021722107,0.006047625,2509.180846,0.639118911,0.827155222,4461.363329,0.004741233,7.990422589,0.746245961,0.714988689,0.081709143,0.002236552,203015.6484,0.916683368,66.42889972
0.864699279,0.441715331,12.20361146,27.62777427,30.14962686,25.96150997,31.01612484,31.52776554,5688.708333,23.88971651,0.808950799,1905.041588,0.33488122,5713,466.4,2628,14855442944,6.842329248,1140,3.606880187,5334,687.9726522,1365.906529,1134,178,5156,484.8925871,1612.540722,1.037146489,14855442944,0.010462686,734586.934,3571.422767,57086455.99,242947.3858,4261.79947,555.0658239,0.770324436,17.61329222,5.544545856,236.8313072,0.131356614,0.065474872,0.987693554,0.925687746,-0.239052224,0.981030088,0.068141157,51.41909327,0.000278242,12.15274977,0.788151035,0.001229031,102.8381865,7.796968583,1204.216324,8.087113494,2640.221075,0.46214267,0.543541437,59.773324,1175.756662,3495.191493,2.833362507,7665.8892,0.013344483,0.004634133,0.692242643,2715.538316,0.003099108,58.27903738,0.010406508,1180.333783,3517.620709,1.061559219,3663.661347,0.004928225,0.004629947,6.970550351,5385.131804,0.961545146,0.980260943,0.020803126,0.985206759,3482.177336,0.00455839,42.73744292,0.009757407,1239.043644,3814.142694,2.246347032,6561.755936,0.010504894,0.004558783,2869.168037,0.655061196,0.836751374,3372.003639,0.0037152,7.812269466,0.766672501,0.545049676,0.097360008,0.001824773,153026.6186,0.837671799,30.88368501
0.934459349,0.553011711,12.44936587,22.51193892,24.51530134,23.53720459,25.07987241,25.25866188,4220.208333,21.03649178,0.842070342,1499.771213,0.355378478,4242,296,987.8,1820307396,5.295867226,362,3.689934447,1888,214.7042367,597.135785,542,126,1762,150.8000954,655.0689805,0.927301424,1820307396,0.029791775,72544.22343,470.8995911,378046.4544,4755.008876,346.0670128,126.5293642,0.465042889,8.628210324,4.538738375,51.02486191,0.203816508,0.119134841,0.976928592,0.898327237,-0.089350107,0.775156465,0.121320912,20.39504142,0.001150668,10.18729704,0.488962388,0.003724877,40.79008284,6.124048307,118.1490943,7.110043484,1300.549741,0.306588812,1.127662332,126.3767091,116.1552102,493.0202735,5.086280057,1994.250354,0.043731929,0.008331449,0.510173656,297.497986,0.004294703,120.6705021,0.029572242,117.3288983,497.4847703,1.122562669,543.6926976,0.00938081,0.008325402,5.531640789,3782.712213,0.926898066,0.961937403,0.041634286,0.971291652,486.4634684,0.008085702,66.62265656,0.026574654,135.5394642,565.0059832,5.064220183,1976.879936,0.041974625,0.008464476,1252.756681,0.499703503,0.734968645,451.325024,0.00626167,6.872158161,0.590994814,2.201145608,0.600984752,0.001582755,11151.47615,0.349302362,3.243979454
0.829559769,0.490083055,12.06141019,24.61095129,23.53720459,27.16615541,27.45906044,27.47726333,4351.375,20.41625506,0.82606689,1560.342426,0.358586062,4374,396,2270,8166319300,6.577298752,1004,3.763165637,4410,601.87675,1143.641061,910,158,4252,423.8295289,1366.387213,1.11775399,8166319300,0.013043572,559099.1387,2552.83159,32503805.46,168186.2194,3230.906258,463.2199333,0.749992522,15.81771455,5.400190761,207.0916443,0.143970566,0.074477163,0.985208353,0.920358346,-0.241896422,0.979424037,0.077713472,43.13247137,0.000403192,11.68626376,0.777906245,0.001843475,86.26494274,7.528405851,923.5315479,7.892768483,1888.331047,0.431717203,0.63359244,57.05258345,894.4923415,2515.981481,3.130772748,5772.561728,0.017634703,0.00527322,0.660795339,1907.403847,0.00336155,55.34642722,0.012942116,898.834757,2535.954771,1.069836508,2649.532708,0.005664529,0.005261711,6.719372057,4090.676707,0.956497175,0.977682811,0.023530304,0.983213737,2508.047586,0.005164578,38.45634064,0.011865579,952.3185278,2793.10182,2.485652576,5090.226165,0.013874593,0.005097264,2017.107374,0.622371914,0.817156147,2437.242063,0.004109926,7.63797066,0.740969364,0.664277056,0.107361136,0.002272615,104215.427,0.734509978,31.43092312
0.571897966,0.284639204,10.36294048,36.40728447,33.54101966,27.65863337,39.44616585,40.80441153,5483.5,20.82125194,0.709162745,2120.525231,0.386710172,5510,430,1754,7350975524,6.272787755,674,4.581014108,3946,424.0118777,1016.027949,906,176,3770,284.7918193,1155.039108,1.184098529,7350975524,0.01546958,301802.5466,1631.978337,10504749.12,66707.57041,1629.108216,365.8665171,0.634474517,14.2836724,5.245140839,155.8075021,0.150667412,0.079009342,0.984963292,0.918487618,-0.169198452,0.937146787,0.082819001,36.27123099,0.000424593,11.57199187,0.659955485,0.001568631,72.54246199,7.173536709,498.7436834,7.665873145,2319.56225,0.420973185,0.708522831,85.23738657,483.0793767,1649.890744,3.308166969,4131.759347,0.034952595,0.006880467,0.652678337,1223.639156,0.003827015,82.90922542,0.015409925,485.7873699,1662.217242,1.074214689,1745.849948,0.007590629,0.006800783,6.42438297,5135.133597,0.954353721,0.976448415,0.025230305,0.982350848,1641.835003,0.006630148,58.97120874,0.014636686,521.9230552,1819.531894,2.660709854,3559.259866,0.024258619,0.006197479,2497.488459,0.619877999,0.815530685,1576.217889,0.004637054,7.362851556,0.731215971,0.790421098,0.174157562,0.001548498,71245.03581,0.544313182,14.47611037
0.90062317,0.33024577,8.036744293,24.33564644,25.07987241,23.76972865,25.70992026,25.72936066,2591.333333,21.91724705,0.645400811,1413.633425,0.545523575,2624,330.6,1536.8,2410472800,5.972509813,586,4.96347357,3364,385.3118354,819.3871951,665,166,3198,255.9325691,958.4494274,1.384458726,2410472800,0.02013572,247229.9293,1010.893461,5536105.735,46053.72723,1171.789045,276.6779181,0.612090644,12.14590901,5.021998915,126.0141539,0.172102378,0.0957764,0.984583017,0.919232118,-0.210896393,0.957787058,0.10213419,28.05168548,0.000799129,10.6872856,0.662602398,0.003191345,56.10337096,6.797686662,362.1167408,7.375985133,1018.483232,0.388141475,0.741520579,52.83612805,395.8954397,1140.806784,3.589176829,2776.94093,0.029894855,0.008321069,0.615689257,855.907386,0.005279883,50.91983432,0.019932288,399.4670885,1153.398477,1.082726494,1208.997679,0.009004717,0.008324675,6.137796571,2422.386928,0.948148974,0.973557692,0.027508517,0.979924265,1139.633955,0.008161089,32.41349293,0.017635197,446.2758451,1324.85963,2.915125136,2511.337867,0.023593743,0.008512068,1069.412405,0.581834823,0.791479239,1155.188918,0.006883128,7.177746724,0.700457317,0.87697277,0.151081907,0.003044999,44626.59259,0.54617965,23.18293173
0.915159145,0.499970483,13.30674229,26.61505576,30.08321791,28.44292531,29.73213749,30.6757233,6151.625,24.35701166,0.82076162,1978.155009,0.321566254,6178,414,2230,11161386520,6.497790048,900,4.299298088,4578,582.9531909,1120.279055,874,196,4382,392.9379155,1344.110959,1.314151199,11161386520,0.014376298,551609.1096,2369.972874,39781789.29,219012.0701,3261.714004,405.4348937,0.779652613,14.66233195,5.29490927,184.7379109,0.15133495,0.079297884,0.987812356,0.927811221,-0.213324463,0.968197372,0.084387961,40.68814372,0.000424367,11.73779223,0.798793068,0.001817241,81.37628744,7.447976011,916.7872245,7.864457479,2611.224668,0.422665048,0.666948406,88.81676918,882.3034521,2351.967141,3.237941081,5381.840563,0.015980041,0.004703171,0.654170219,1783.279958,0.002925509,85.9486747,0.014242438,887.6588876,2372.926188,1.072654215,2479.07537,0.005065942,0.004693852,6.650909841,5761.968119,0.954739115,0.976791095,0.024424033,0.982521098,2346.969167,0.004605398,57.52433628,0.012726623,949.2061492,2642.61969,2.679646018,4785.248894,0.013115986,0.004562833,2811.864602,0.622093938,0.816865947,2305.164315,0.003605814,7.619582752,0.731628359,0.811465072,0.158219771,0.001577934,107777.3777,0.659201929,25.71568478
0.888978829,0.465766264,11.02003768,23.6600169,23.34523506,25.3179778,26.57066051,26.57066051,3935.458333,21.03325412,0.8299036,1452.512979,0.369083562,3957,472,1742,4973500556,6.126583817,704,3.239247811,2964,402.12278,1006.757139,886,210,2754,289.8455367,1121.109571,0.880226298,4973500556,0.016915159,243326.7333,1463.600285,4537220.731,31840.84166,1286.081647,301.8421934,0.620543412,13.25686313,5.128155678,121.9613945,0.154945443,0.08170867,0.977472732,0.899953786,-0.172708423,0.937165066,0.086066476,34.8882713,0.000513166,11.29295187,0.650023995,0.00201568,69.7765426,7.002185995,396.9809602,7.544272617,1620.855951,0.409617375,0.689914688,66.93328279,389.1437157,1464.178165,3.35430882,4047.30882,0.012209254,0.004021933,0.641585727,1033.20061,0.00281074,64.96224924,0.016826152,391.1062512,1472.275638,1.076277099,1558.976442,0.004298246,0.004036326,6.280704627,3677.993968,0.952532669,0.975680877,0.025583448,0.981634516,1451.254186,0.003972774,45.24763903,0.015826387,416.8469335,1573.8461,2.662119622,3396.949633,0.010043353,0.004261624,1738.489332,0.608076017,0.808178391,1331.048158,0.00362533,7.240872036,0.722517058,0.746524203,0.189207249,0.002044002,43816.71682,0.595791615,11.22041999
0.679675585,0.381341557,11.36044845,29.79074337,22.13594362,33.13608305,32.38826948,33.2565783,4925.125,20.24804093,0.800993711,1747.698539,0.354853641,4949,434,1864,6632578888,6.222361903,696,4.124761223,3832,448.042885,1007.089109,842,170,3662,303.2393429,1157.663885,1.209038007,6632578888,0.016668422,325957.1982,1733.076682,11773535.65,82132.7323,1823.709547,342.47924,0.684913806,13.80266967,5.201799867,147.1505313,0.15505266,0.082408301,0.985323134,0.919515529,-0.182106009,0.946268796,0.086262691,36.91070134,0.000494483,11.42785492,0.70562384,0.002008806,73.82140268,7.144367655,541.5471967,7.65822317,2012.264498,0.406600222,0.749993763,82.49201859,521.5308346,1732.328955,3.463932107,4449.803597,0.012302943,0.003291003,0.640756098,1271.657905,0.002085206,79.85622111,0.016547799,524.7595623,1746.512117,1.078148318,1837.600743,0.00356823,0.00328477,6.383170854,4591.761126,0.951412493,0.975099865,0.026257001,0.981203284,1724.096312,0.003220272,54.32381752,0.015203979,563.4723482,1922.796809,2.699972012,3775.601455,0.009710651,0.003225579,2177.447803,0.609417241,0.808989348,1656.992556,0.002626085,7.372776531,0.721964033,0.781440773,0.172530208,0.001675655,67465.28322,0.569224328,16.53013975
0.673904428,0.397350141,12.56955257,31.63344181,34.92849839,25.63201124,34.53983208,36.63331817,5967.125,21.3179165,0.780550885,2038.260372,0.341581645,5993,840,11094.8,2.0911E+11,8.492381954,5144,3.407687269,15792,3302.973808,4303.148673,2412,276,15516,2311.943925,5906.973569,1.2282388,2.0911E+11,0.004154605,16375248.24,53729.6149,31419219292,35216603.39,102594.5713,7679.732022,0.861742488,57.01618217,7.125102544,4181.517156,0.079035235,0.036108242,0.982140458,0.923496607,-0.485956709,0.99987934,0.03641473,173.1808059,0.000142577,12.98405619,0.892683853,0.00141742,346.3616119,9.477685167,27568.57583,9.224443606,3784.33389,0.631459017,0.466437441,24.89854831,26198.55624,52326.66511,2.153011847,168048.3147,0.003073888,0.001520759,0.822645136,45388.0611,0.00126408,24.38147271,0.004115528,26025.40846,52207.23602,1.036477118,54843.74686,0.001572914,0.00152162,8.562695099,5794.571866,0.978075107,0.988512239,0.013005272,0.991611411,51753.61476,0.001509194,19.45028791,0.003733261,25582.95245,53794.89386,1.716122841,141425.9505,0.00237209,0.001530917,4161.647985,0.798780803,0.913222022,51156.61501,0.001407866,9.064049766,0.869347572,0.39296057,0.009796555,0.001876373,5375643.733,4.477243674,506.9670159
0.761309221,0.53392301,16.94856348,31.74345954,36.138622,28.44292531,36.34556369,36.63331817,9054.916667,24.16658847,0.810988724,2590.551799,0.286093389,9085,688,8644.8,2.02983E+11,8.111221998,3200,5.373463194,15792,2589.536402,3258.07683,1736,232,15560,1555.32519,4726.804835,1.744877346,2.02983E+11,0.00581368,11727619.32,34334.32151,25749557366,31655674.64,73462.96358,5266.042232,0.866991226,46.79515407,6.871084616,2898.355973,0.085540231,0.0389981,0.987590103,0.935624943,-0.388685103,0.999154768,0.039678202,131.447906,0.000130531,13.25915039,0.882335838,0.000906098,262.8958121,9.137566101,19682.25145,8.971830818,5434.112163,0.59814113,0.405226854,52.81728123,18762.47259,33608.22532,2.151348376,84322.5388,0.004018965,0.001958168,0.800734498,29649.41443,0.001591098,51.70458185,0.005762376,18720.38102,33665.47223,1.038575777,34969.25902,0.002029752,0.001959732,8.196769787,8757.511106,0.975953754,0.987638119,0.013275601,0.99080898,33434.09924,0.001942767,39.94959392,0.005150135,19025.64319,35726.93206,1.718576769,84841.54067,0.003158551,0.001976075,5973.647415,0.770097643,0.899263667,34107.04341,0.001791499,8.813127267,0.853824986,0.346866846,0.020477354,0.001185966,4485532.629,2.524232144,451.6084059
0.859706753,0.540797647,12.39325227,22.91661646,25.70992026,24.18677324,25.55386468,26.13426869,3825.5,19.70156993,0.780633359,1515.290228,0.39610253,3848,861.4,3861.2,21951669972,7.279316045,1452,4.037838891,7256,928.152889,2073.693867,1740,332,6924,622.6330111,2388.450531,1.178634859,21951669972,0.008000349,1404489.685,7419.992931,233551354.7,766553.0285,8147.800617,1148.132773,0.75355011,25.56919553,6.021848019,459.884336,0.100882528,0.046047464,0.985931221,0.920296182,-0.340191817,0.996549535,0.046848964,75.28478772,0.000249165,12.16719287,0.778849223,0.001055666,150.5695754,8.173671893,2323.983348,8.223499998,2146.713617,0.557877759,0.394373944,30.78534304,2247.569064,7212.141112,2.251559252,12998.90359,0.003224993,0.001871831,0.772719739,6024.212681,0.001621297,30.19795969,0.007958724,2255.95299,7245.298091,1.043092638,7454.30939,0.001930195,0.0018829,7.365064558,3690.517001,0.972603091,0.986046698,0.014519996,0.989533162,7194.044727,0.001871557,24.03022749,0.007488385,2355.850801,7638.861951,1.729510751,11063.77407,0.002803792,0.002028888,2363.657526,0.73657137,0.882058574,6985.883257,0.001896003,7.985215508,0.833939709,0.2916041,0.02998086,0.002790376,365182.2204,1.111925325,86.68110106
0.692681511,0.429648039,13.79471149,32.10700439,30.59411708,29.27456234,36.06937759,36.45545227,7026.333333,22.23992832,0.805745502,2201.770594,0.313359827,7052,630,6427.6,88940412908,7.909270234,3120.5,3.319737869,11070,1883.328529,2713.630459,1743,224,10846,1354.2893,3551.349534,1.13727783,88940412908,0.005916184,5248293.239,18781.57496,3061618682,5829312.478,32297.96148,2568.183324,0.853408451,34.33293152,6.459112062,1311.89935,0.098325294,0.046217363,0.987426707,0.93198617,-0.382679902,0.998868976,0.049178056,106.5232876,0.000167097,12.89633423,0.877577735,0.000927618,213.0465752,8.868429441,8716.5362,8.802228972,4058.470788,0.575506351,0.412885609,41.72093023,8397.13819,18611.2042,2.234543392,26320.05389,0.005142912,0.001867456,0.78595103,16904.97224,0.001300636,40.68056264,0.005847249,8428.667721,18770.2568,1.041529535,19057.78042,0.001967066,0.001856704,8.00053655,6773.818502,0.973614632,0.98655046,0.014023008,0.989926495,18699.74618,0.001830009,30.18472199,0.005101356,8769.433032,20759.81257,1.766435694,25469.53118,0.003720445,0.001714987,4502.720466,0.760980305,0.894119457,19801.52631,0.001435184,8.631551074,0.839052751,0.346000354,0.027484474,0.001764334,1412588.622,2.061069826,185.6788702
0.76870754,0.435028365,11.96464982,27.50314872,27.89265136,26.92582404,30.01666204,31.63858404,4985.25,21.14187779,0.804437667,1754.350458,0.351908221,5009,586,3808.4,23878796124,7.187454685,1624,3.755047366,7112,1020.460807,1769.619884,1300,232,6880,699.3801348,2183.386888,1.231043368,23878796124,0.009182234,1635623.769,6573.684228,298650930.2,991504.7834,9477.132346,1361.254438,0.749805834,26.84696737,6.096918823,588.8364819,0.104569805,0.049214663,0.983387293,0.917090722,-0.308513803,0.994269317,0.051582096,67.39664251,0.000247173,12.32218374,0.768328986,0.001251466,134.793285,8.155678898,2709.596696,8.174155347,2765.037532,0.552013882,0.441767565,45.99381114,2617.105531,6498.502496,2.343182272,10933.42563,0.006165827,0.002555326,0.768851955,5635.963791,0.001950943,44.89253111,0.009094772,2625.822489,6543.322356,1.044988157,6698.869602,0.002673305,0.002553708,7.284388959,4794.832892,0.971330482,0.985426233,0.015072237,0.989032823,6504.949326,0.002524403,33.99638641,0.008189927,2729.491775,7104.911106,1.796434594,9630.581306,0.004680077,0.002534731,3061.256806,0.737474538,0.882352642,6630.61086,0.002233933,7.957675921,0.828708325,0.340316506,0.073002866,0.001735467,408531.9868,1.487948179,64.02052357
0.794231233,0.467823423,14.91968399,31.8916994,36.40054945,28.16025568,34.13209633,37.01351105,8663.375,25.32938375,0.818751674,2491.475757,0.2875872,8692,704,10333.8,2.64379E+11,8.19846659,3390.5,5.097761939,15792,2970.583333,3789.256328,2147,200,15592,1687.05597,5515.107938,1.737070572,2.64379E+11,0.005447879,16057952.05,46388.12329,44714622957,49090935.42,98734.53157,9306.040584,0.829010379,56.89124735,7.06765176,5698.589707,0.097003214,0.053320034,0.980177818,0.925952342,-0.402162883,0.999343279,0.036837712,154.9876542,0.000475895,13.23420597,0.858425586,0.018329781,309.9753084,9.293273274,27010.14304,9.093834552,5156.539347,0.59325119,6.735590211,47.35296825,25686.20254,46445.43592,9.638748274,3061882.436,0.003498986,0.001559971,0.797511167,32070.32098,0.001233589,40.8180821,0.004825808,22230.90763,40896.06403,1.137748382,82327.19757,0.001647633,0.001582087,8.342412429,8142.190311,0.962777739,0.972928245,0.081026116,0.985198497,38112.96786,0.001566353,31.59828127,0.004310228,19928.97729,38703.02333,11.94516437,4090537.924,0.002722595,0.00155788,5830.453826,0.79531494,0.911634334,37479.52419,0.001397455,8.874640271,0.843419236,10.5393985,0.021618435,0.000683042,6421635.07,4.399897186,377.9487472
0.745774791,0.368041845,14.09813242,38.30578668,37.12142239,35.35533906,43.01162634,43.05810028,11042.5,28.56749004,0.779561617,3076.181448,0.27857654,11074,592,5900,1.22702E+11,7.766333575,2696,4.355212945,11604,1759.535513,2479.449521,1511,224,11380,1201.028608,3328.695749,1.40763243,1.22702E+11,0.007192963,4932545.459,16448.76538,3660869112,6812544.624,30766.59673,2343.903735,0.859460814,32.13408122,6.357223408,1228.130339,0.108014564,0.052929329,0.989483466,0.938834936,-0.332110372,0.997190765,0.054879468,96.64877923,0.000185043,13.07973284,0.88109243,0.001069651,193.2975585,8.745095454,8277.625115,8.816201706,5802.456204,0.523971122,0.528315189,79.65486726,7892.484471,16301.64277,2.566552285,24647.52953,0.005734942,0.001917385,0.748412182,14450.08357,0.001338415,77.02030186,0.007071298,7933.343702,16471.57376,1.051243694,16782.97896,0.002031776,0.001909594,7.883437491,10544.19435,0.968018894,0.983551215,0.017408208,0.987725801,16394.60627,0.001880386,51.7824436,0.005783163,8364.212767,18571.57561,2.012285012,23780.26067,0.004321378,0.001813938,6481.514854,0.723868087,0.874813994,17484.73437,0.001538523,8.661474871,0.808560592,0.482695637,0.042195961,0.001083856,1647267.516,1.558103207,165.8047565
0.893517469,0.525102252,15.85451754,30.19320042,32.38826948,34.20526275,33.83784863,35.39774004,9142.583333,26.97815203,0.816483244,2589.700057,0.283256927,9171,704,10404,2.70331E+11,8.148942785,3460,4.933347356,15792,3008.76991,3670.092902,1902,222,15570,1755.406228,5429.244986,1.708090316,2.70331E+11,0.005683351,16007119.22,45353.22226,43587829909,48727291.54,100135.4121,8061.688139,0.852126475,54.09056463,7.013512522,4839.086922,0.095234978,0.049254871,0.982146956,0.928653311,-0.396781226,0.999265616,0.04223355,149.4230082,0.000214147,13.22285147,0.877200479,0.008439296,298.8460164,9.249275181,27049.27505,9.091107107,5236.675063,0.571003714,2.570717258,52.12201505,25606.25585,45016.38753,4.914076982,1115366.418,0.003446266,0.001169421,0.78372381,34762.86249,0.000851102,49.02940323,0.005457116,24097.60216,42734.13267,1.079595335,58810.75361,0.001241145,0.001170744,8.275048212,8679.29217,0.966045934,0.979584476,0.037283295,0.986758542,41216.48362,0.001153697,36.03131962,0.004721704,22568.49692,42397.97877,6.609487616,1949550.752,0.002490791,0.00110791,5951.231949,0.779875763,0.903423897,41126.63786,0.000963737,8.886994043,0.832079381,5.165144155,0.02064351,0.000826734,5835197.48,4.128284448,385.8159144
0.957169954,0.529492795,15.41058231,29.10442308,32.75667871,32.38826948,32.80243893,33.85262176,8898.125,27.85787929,0.828233124,2507.247445,0.281772558,8926,824,5668,94167501964,7.814066347,2351,4.015617744,10768,1537.477181,2602.601613,1890,242,10526,1036.788718,3248.045345,1.294222607,94167501964,0.005974535,3776263.405,15621.18534,1888976831,4048009.6,22887.13636,1912.572476,0.846203048,31.69420888,6.357040965,849.1624936,0.092300777,0.041425269,0.989755271,0.933892778,-0.325791094,0.997005993,0.043559758,101.8550291,0.000131052,13.20615648,0.858164172,0.000685352,203.7100582,8.786894609,6199.92721,8.721285715,5254.530361,0.588676939,0.349531129,53.32870267,6041.712017,15185.90085,2.096571813,23750.41553,0.002658298,0.001146084,0.793923494,13410.47834,0.000864757,52.35327569,0.005938707,6062.244512,15274.19627,1.03808392,15582.56415,0.001195538,0.001143171,7.898023939,8601.314406,0.975654838,0.987624744,0.012793146,0.990712881,15197.83097,0.001130335,41.77837838,0.005508026,6302.883133,16409.53382,1.648253131,21273.75096,0.002051751,0.001101117,5758.048121,0.759136206,0.893854865,15437.61221,0.000960563,8.51059802,0.849764732,0.263403579,0.031715682,0.001413049,1166968.731,1.422263074,138.5749134
0.94517276,0.461784287,12.22419876,26.47166459,28.86173938,28.63564213,29.54657341,30.95157508,5759.5,25.02029627,0.796456978,1950.944844,0.338735106,5785,772,13532.8,2.66866E+11,8.280780413,6246,2.965693755,15792,3934.922092,4847.15229,2584,252,15540,2834.319453,6791.954514,1.123116814,2.66866E+11,0.007298612,22635760.8,72435.55209,54512695408,53742154.81,143472.6594,8786.975303,0.885389748,59.21142135,7.137082861,4996.574404,0.110823312,0.070491082,0.98016517,0.921821395,-0.487991958,0.99984877,0.033426836,196.8608862,0.001657691,12.57691947,0.910184549,0.038180739,393.7217724,9.347129318,38064.90869,9.181901433,3284.323423,0.567730929,14.43618078,42.22247191,36208.0799,70207.74244,19.01659464,6723370.105,0.003664995,0.001605178,0.779943789,44841.90577,0.00125145,26.80959494,0.004843688,30548.27314,59403.85204,1.251215888,145178.0719,0.001726817,0.001655772,8.522532953,5251.601039,0.949457602,0.956146533,0.156931103,0.979126448,54115.94445,0.001638665,18.21332775,0.003816707,26908.07544,55468.36714,25.16324392,9215891.605,0.002875915,0.001628997,3802.695725,0.796876724,0.912494938,53566.21868,0.001446657,9.036653284,0.824891962,23.69362121,0.014687397,0.000746182,5612654.439,6.176636471,560.4340858
0.675371364,0.420020722,13.24788837,31.54103521,31.32091953,26.07680962,34.82814953,36.95943723,6340.666667,21.30191197,0.796185877,2080.780504,0.32816431,6368,654,8286.6,1.30121E+11,8.160374464,3520,4.317337949,15420,2458.472887,3253.529837,1920,236,15184,1609.34127,4520.35674,1.457226406,1.30121E+11,0.005392363,9848168.659,31595.98569,14312511743,19730165.09,61746.36688,4618.159636,0.861749727,45.62595833,6.843226811,2385.298842,0.086660688,0.040152565,0.988312034,0.935107789,-0.438031091,0.999642736,0.042040135,131.5516178,0.000156815,12.92425036,0.881429314,0.000897128,263.1032355,9.159154986,16591.13163,8.966445352,3871.669284,0.607988267,0.385539408,34.33856784,15756.70743,30557.86762,2.111494975,41982.00707,0.004707328,0.002072782,0.807873046,28157.15124,0.001666258,33.5006436,0.005324978,15814.00175,30794.40394,1.037214303,31207.96805,0.00215449,0.002070425,8.242838516,6142.525776,0.976340448,0.987932451,0.012579676,0.990975925,30691.95879,0.002049912,25.0923246,0.004596506,16453.65384,33687.63437,1.653416377,40209.34439,0.003499116,0.002063139,4277.627587,0.783591791,0.905559698,32382.61247,0.001870629,8.821352871,0.857255025,0.292661433,0.015894766,0.001876399,3260200.127,2.511016395,468.9101771
0.663219598,0.342482604,13.38501391,39.08231758,36.138622,34.525353,42.20189569,43.52011029,9624.708333,25.92015895,0.762343068,2870.287417,0.298220717,9656,666,15163,4.18761E+11,7.66584917,4691,3.4799349,15788,4002.433265,4270.706918,1664,232,15556,2636.596128,6585.437512,1.40573133,4.18761E+11,0.013997847,25129049.64,67034.17639,82069240534,83738166.35,159520.0488,6828.216341,0.918271801,44.33081802,6.578734041,4698.714242,0.168317378,0.119064314,0.985023621,0.941692774,-0.392240291,0.998724101,0.048879486,169.8642573,0.005458032,12.3267837,0.938009929,0.072470462,339.7285146,8.71546628,41587.06629,8.92439336,4286.501657,0.44392105,31.54593111,135.1632146,40202.34763,66558.10139,40.96706711,15084625.78,0.006537829,0.002212038,0.688101052,29691.99483,0.001457789,65.38326392,0.007352694,27277.80262,44502.46185,1.588491506,255216.4517,0.002508056,0.002352591,8.084223451,8265.756662,0.930114479,0.920408196,0.407420055,0.969866976,37093.70427,0.00231464,41.91316449,0.005832614,23387.11938,40522.24269,108.4277762,41398770.09,0.005397928,0.00222411,5202.922071,0.724035913,0.875288068,39279.19313,0.001792495,8.839615677,0.744200497,106.6221823,0.034711514,0.000266513,5249958.05,5.412690921,473.432926
0.637844255,0.431128186,15.44987217,35.83591299,40.19950248,26.17250466,40.60788101,41.89272013,9065.583333,22.85773123,0.815512632,2578.203943,0.28439471,9095,884.8,10402,2.908E+11,8.569959492,4407,3.824824011,15788,2995.380964,4210.384167,2690,214,15574,2004.420334,5654.518236,1.318282236,2.908E+11,0.003625514,14246241.64,50537.91931,27183697353,31432165.71,88847.55079,5481.470104,0.884244627,50.8671552,7.020884009,2711.234573,0.075759817,0.034220306,0.98688745,0.929843001,-0.431308526,0.999710678,0.033270199,172.2981899,9.89867E-05,13.57321691,0.896162066,0.002301541,344.5963797,9.588268883,23582.25522,9.321016071,5816.929192,0.639574403,0.756879569,32.97405168,22794.26778,48694.31281,2.470258384,305313.2973,0.004324293,0.001408416,0.827195181,42067.17737,0.000890132,32.32000662,0.00359626,22444.65768,48229.23731,1.038207773,52009.29557,0.001492818,0.001392885,8.640624229,8787.201013,0.977716328,0.988116886,0.013899057,0.991445553,47581.71211,0.001369219,26.84454786,0.003376248,22127.24687,49577.83109,1.722676393,151154.7874,0.002846139,0.001174019,6366.904666,0.800767786,0.914626099,47299.84846,0.000920621,9.120818645,0.874216603,0.414212027,0.012283744,0.001554705,4495831.934,3.084689336,406.4465246
0.819465098,0.446453462,12.32476623,27.60593717,31.04834939,26.2488095,29.54657341,31.71750305,5517.041667,22.62210201,0.805111836,1875.420919,0.339932346,5541,826,5912,64777463464,7.88782855,2640,3.854968462,11198,1622.689293,2752.378993,2048,262,10936,1117.682163,3419.147953,1.218259033,64777463464,0.005476753,4114982.603,17203.85077,2016522722,4030429.594,24366.85418,2769.211192,0.796807384,38.25736636,6.605044762,1210.112114,0.081365916,0.035315396,0.986413495,0.924475954,-0.390151058,0.999003278,0.036839153,108.6219207,0.000153997,12.83992961,0.820024385,0.000717066,217.2438415,8.848761276,6784.016343,8.682132102,3475.895867,0.627304795,0.284483104,30.34668832,6583.797868,16706.20592,1.905612705,25441.17217,0.002045639,0.001098557,0.819592332,14783.57593,0.000913196,29.89531358,0.005452563,6599.925251,16776.75421,1.032125222,17098.92421,0.001133488,0.001099206,7.954502667,5368.808223,0.979173651,0.989490928,0.010704723,0.99207855,16696.44935,0.001091276,24.93494924,0.005165724,6781.73042,17632.05801,1.512533665,22701.54527,0.001655367,0.001106971,3784.157655,0.783956423,0.906498573,16594.56158,0.001012293,8.474471101,0.871142393,0.194818019,0.024060133,0.001925972,1386164.651,2.021259221,169.7633606
0.901432409,0.538566858,14.62004039,27.14619394,30.8058436,27.89265136,30.3644529,32.55764119,6886.625,24.470459,0.823876514,2124.677205,0.308522274,6912,708.2,5227.8,59724974620,7.609563505,2173,4.060242437,9616,1444.019608,2309.217882,1586,256,9360,974.9499315,2939.517988,1.338544058,59724974620,0.007231326,3308278.778,12588.53643,1461394539,3429935.314,20102.6681,1712.307127,0.843515337,30.06993233,6.280972173,757.4541058,0.096353479,0.043987031,0.98843133,0.929932999,-0.337339203,0.997203957,0.045892088,89.37503202,0.00017509,12.81853317,0.85690578,0.000899592,178.750064,8.581022573,5453.743806,8.551031391,3954.295139,0.572091311,0.380460177,49.98292824,5292.97051,12163.05874,2.189236111,19766.18519,0.004032007,0.001884355,0.782617429,10526.12591,0.001505572,48.94537094,0.007176396,5311.551036,12234.45106,1.040723828,12512.25845,0.001958456,0.001885632,7.698750194,6641.788265,0.973777429,0.98673433,0.013578688,0.989994903,12165.28157,0.001867711,38.12639725,0.00655656,5523.058837,13100.85864,1.694582975,17611.12743,0.003160007,0.001905162,4346.057954,0.747387438,0.887781622,12187.04021,0.001715282,8.335083282,0.841290509,0.28169405,0.0376203,0.001673768,902613.9493,1.436729686,147.3087744
0.634153215,0.40500658,14.1661367,34.977547,35.6931366,25.96150997,37.16180835,37.8153408,7818.791667,22.18112387,0.805705119,2364.473383,0.302409053,7846,672,7856,1.49985E+11,8.220440927,3733,4.049024611,15788,2322.665355,3274.865154,2163,176,15612,1630.117796,4372.198047,1.286029724,1.49985E+11,0.0048291,8391373.983,29768.9269,9468819712,13171690.76,51608.30845,4147.83504,0.852087696,44.55768588,6.81907068,2015.621495,0.084575465,0.038742916,0.989901948,0.937542204,-0.41076995,0.999457397,0.040153613,133.7807286,0.00012879,13.2182201,0.870928589,0.000766746,267.5614572,9.219974886,13939.03587,9.058899371,4789.611522,0.610452654,0.37236572,37.88911547,13425.85427,28930.89676,2.084374203,41578.28014,0.003095319,0.001268868,0.809374628,26223.62701,0.000981003,37.04421261,0.00477805,13461.41967,29125.26182,1.036471425,29588.28424,0.001324021,0.001264757,8.300606674,7572.255016,0.976660376,0.988137022,0.012258084,0.991103072,29010.87928,0.001250584,28.49250186,0.004230513,13857.38699,31515.71255,1.649591685,38673.72769,0.002322562,0.001220239,5284.428062,0.784621836,0.906128747,30032.2611,0.001088097,8.876663391,0.858399184,0.292461821,0.016873063,0.001627698,3019130.486,2.19952955,351.4714593
0.911971565,0.396418136,12.54014829,31.6336392,33.73425559,32.01562119,35.34119409,35.9722115,6891.875,28.84897943,0.616909085,2838.929145,0.411924062,6931,576,6764,1.09402E+11,7.875324429,2404,7.440376182,15788,2086.697124,2708.898572,1512,212,15576,1174.130493,3972.96135,2.098061355,1.09402E+11,0.006592114,8446290.421,21119.0036,14420443891,19252548.26,46003.9396,3596.813022,0.851176969,37.73686759,6.559845437,2077.875415,0.102811132,0.049859761,0.991356826,0.94705391,-0.389623078,0.998931576,0.050557929,102.5285865,0.000186021,12.75423214,0.887208536,0.001458066,205.057173,8.810407593,12400.18815,8.803399817,3819.963209,0.551141712,0.561086078,45.68994373,13515.44586,23691.86279,2.512047324,96785.02164,0.00869317,0.002865619,0.768764883,20571.91818,0.001847236,44.48501655,0.006517713,13395.69111,23645.47418,1.049332079,25659.76172,0.003045011,0.002845067,7.976839228,6628.454346,0.971121017,0.984739687,0.018004425,0.988912956,23463.22323,0.002797732,32.38160196,0.005663099,13595.18209,25549.95418,1.994578524,83124.5028,0.006190275,0.002554632,4262.304652,0.745418792,0.886280637,24535.91352,0.002036462,8.660139737,0.824989179,0.525302148,0.017111744,0.001742554,3098660.001,1.9107525,556.1190501
0.811180365,0.425733619,11.42120769,26.8271219,26.2488095,29.15475947,28.46049894,31.32091953,4770.625,21.76163454,0.796095668,1721.481594,0.360850328,4794,540,4042,25799320228,7.326736062,1858.5,3.278898382,6900,1123.46095,1867.51481,1384,196,6704,804.430018,2319.824425,1.072448696,25799320228,0.008104711,1893973.796,7887.171936,369109376.7,1113851.19,11270.43227,1145.847305,0.816108547,24.84402804,6.017660367,501.3475137,0.108114443,0.051062085,0.985261736,0.920789127,-0.33464391,0.996446148,0.053143665,73.16758902,0.000237671,12.33177355,0.832562866,0.001174292,146.335178,8.295895353,3104.069893,8.345353217,2568.571131,0.535788721,0.438824327,38.85398415,3029.958013,7684.960159,2.385064664,13890.00855,0.006541419,0.002346435,0.755682914,6386.156113,0.001659192,37.97874354,0.008044286,3036.043827,7729.019688,1.047030104,7954.537685,0.002476922,0.002337515,7.42330372,4580.590293,0.970174853,0.984804724,0.015845699,0.988589506,7673.36369,0.002304636,29.08952187,0.007398149,3097.575417,8242.645727,1.831637843,12147.70727,0.004750062,0.002238848,2826.708545,0.718898409,0.872762688,7517.326137,0.001890542,8.104847244,0.820191907,0.345123716,0.047952179,0.002312596,374946.073,1.380133052,84.51951649
0.803760706,0.562848148,11.38049529,20.2194772,22.56102835,20.39607805,23.70653918,26.03843313,2442.375,16.25162126,0.742274488,1181.574621,0.483781,2466,576,3250,9385447944,7.026094391,1361.5,4.073073329,6284,843.3292604,1633.980535,1327,214,6070,584.277315,1950.881842,1.206010124,9385447944,0.009704734,1136047.571,5245.066714,152579665,553557.9164,6593.248511,870.4084101,0.767817379,21.52124713,5.793732731,389.0507463,0.116329466,0.055262186,0.986329493,0.923705233,-0.37785259,0.997631249,0.05921124,61.74824692,0.000394387,11.50615915,0.812489084,0.001652431,123.4964938,7.936715886,1865.91423,7.95243339,1338.421736,0.542750096,0.443017084,23.93187348,1817.173467,5166.935523,2.364152474,8809.639497,0.005599015,0.002217571,0.759064499,4382.651635,0.001670996,23.42123102,0.009640721,1824.386834,5200.605066,1.046045583,5334.073009,0.002326113,0.002215206,7.113915088,2358.889309,0.970909098,0.985151912,0.015547519,0.988863542,5167.346721,0.002189243,18.24545007,0.008974643,1909.489248,5606.882932,1.833743237,7777.564683,0.004289665,0.002198901,1461.084604,0.718684016,0.872977283,5158.456928,0.001920243,7.733197337,0.824412003,0.362408842,0.033637421,0.003981373,241043.4053,1.143946011,97.67928886
0.543198045,0.360573611,10.93716262,30.33267624,21.09502311,29,34.17601498,34.19064199,3869.958333,16.47665042,0.777848449,1532.474749,0.395992571,3894,628,3768.2,20404906672,7.302682188,1879.5,2.688081755,5926,1015.147071,1941.331279,1624,268,5658,764.0798448,2289.124074,0.769353646,20404906672,0.007552873,1471321.893,7080.189572,178398495.8,512993.4902,8621.939537,858.1034428,0.819127621,22.13776947,5.846566303,351.3800496,0.111389844,0.052421928,0.984436802,0.916433885,-0.347165351,0.996919694,0.055617252,71.68209635,0.000262177,12.13044739,0.843278558,0.001234586,143.3641927,8.208960581,2370.010745,8.287497879,2110.368772,0.541953973,0.437713955,29.41088855,2354.137681,7003.38829,2.363636364,12456.13046,0.005662791,0.002622931,0.760176982,5892.06343,0.002092256,28.76669439,0.007499232,2359.216348,7045.126192,1.045976555,7239.255402,0.002731599,0.002628948,7.395229071,3723.442638,0.970634182,0.985085536,0.01539435,0.988775015,6997.007347,0.002604054,22.21923798,0.006939175,2418.15068,7564.174266,1.820737039,10789.401,0.004540188,0.002710778,2321.385384,0.72497982,0.875851486,6938.62171,0.002437473,8.043291021,0.822290704,0.341801521,0.036558898,0.003217181,243318.7456,1.315922433,68.18203311
0.923913341,0.528365664,15.82005809,29.94149537,32.14031736,32.01562119,32.31098884,34.0147027,9329.875,27.66334701,0.829816185,2582.772221,0.27682817,9358,794,9368,2.43615E+11,8.495237103,4096,3.708953095,15788,2673.850211,3855.723231,2575,190,15598,1839.776934,5102.234726,1.244427841,2.43615E+11,0.003754024,11166197.56,40643.61416,15327279197,19540716.18,68113.39437,5516.436785,0.850740994,51.40606003,7.021528302,2647.896951,0.073135249,0.031442411,0.986863644,0.929151756,-0.414896593,0.999593174,0.033189858,158.0681296,9.26E-05,13.60420291,0.868484574,0.00049924,316.1362591,9.494058786,18407.45779,9.210394567,6232.11199,0.665966231,0.27549229,35.13015602,17865.59562,39695.20026,1.814703997,57847.84591,0.00298147,0.001243263,0.843467859,36142.01527,0.0009679,34.6285101,0.003734983,17885.66905,39857.98498,1.028519896,40505.1591,0.001292929,0.001236625,8.555409307,9103.900882,0.981908319,0.990744242,0.009704061,0.993115433,39708.00857,0.001223309,29.22163334,0.003519831,18167.46395,41923.65972,1.456757408,51855.80631,0.0021078,0.001167945,6766.381836,0.815030334,0.921288292,40086.48657,0.00104034,9.0196785,0.887155375,0.186181478,0.016056936,0.00133424,4579543.999,2.950675712,305.5611103
0.866807479,0.410994936,11.33569321,27.58110188,27.16615541,29.42787794,29.68164416,31.8747549,5139.083333,23.9075054,0.76678426,1878.169176,0.365467741,5168,586,6667.2,62715853900,7.54282397,2190.5,5.088266481,12764,1919.175413,2401.688467,1204,224,12540,1151.817251,3483.593066,1.715552621,62715853900,0.009280737,6367313.151,17112.56404,6790998699,11951687.98,37619.21071,2333.281843,0.881569317,31.07566583,6.292782142,1318.168139,0.114986341,0.057648134,0.991293698,0.945815521,-0.395559662,0.998753774,0.058868612,91.04222344,0.000296103,12.1862911,0.904847314,0.00157782,182.0844469,8.441843687,9988.12314,8.593763751,2591.19969,0.501393129,0.572676191,47.9628483,10189.65392,18035.9524,2.718266254,26803.3243,0.006086816,0.002233737,0.731152764,16205.11541,0.001589471,46.29992509,0.00912186,10273.67587,18258.93038,1.055519951,18579.68498,0.002360686,0.002232411,7.666930189,4898.405621,0.965030553,0.98212372,0.018690689,0.986576838,18180.49956,0.002201519,30.22487805,0.007371921,11265.27262,21127.84561,2.12,26478.79561,0.004719441,0.002201113,2906.401463,0.708878406,0.866463254,20051.60953,0.001868437,8.492690608,0.793343653,0.531170494,0.020661304,0.002100956,1612555.003,1.773997305,462.5392584
0.858278503,0.500048873,16.10104209,32.19893686,36.22154055,32.24903099,36.22154055,36.72873534,10253.04167,27.63565534,0.826106271,2762.803646,0.269461857,10283,644,6276,1.24309E+11,7.915642225,2679,3.935454786,11970,1778.756336,2657.925703,1788,212,11758,1205.635428,3476.888025,1.310536895,1.24309E+11,0.005747707,5024181.298,18182.18605,3314356243,6304889.745,30712.2676,2445.298879,0.853034109,34.45052093,6.472814117,1173.33449,0.094703733,0.043959698,0.989569202,0.93597566,-0.33387316,0.997544605,0.045348925,105.4137759,0.00012712,13.33199011,0.865877935,0.000716733,210.8275517,8.914833444,8289.391619,8.881294594,5809.398716,0.564951737,0.403401533,59.10366625,8039.418677,17809.09647,2.24457843,27640.65224,0.004561414,0.001659837,0.777705436,15727.03736,0.001153213,57.78180218,0.005697308,8068.136476,17938.51873,1.042441408,18296.9848,0.001749847,0.001650805,8.010250537,9869.673388,0.973104399,0.986273087,0.014315928,0.989715296,17849.7105,0.001627364,44.19516448,0.005137181,8398.035918,19554.21307,1.73974195,25268.00128,0.003305925,0.001533905,6402.189818,0.744181078,0.886051001,18389.21837,0.001278155,8.673599208,0.836623553,0.31104596,0.039041557,0.001191905,1598833.538,1.768478664,150.0196561
0.905136093,0.53287733,13.92024131,26.12278759,28.16025568,28.16025568,28.65309756,30.47950131,6149.791667,23.64467789,0.839039933,1934.676825,0.314592254,6175,632,5097.2,52648525852,7.67213603,2258,3.964125481,9220,1419.006435,2308.18753,1696,232,8988,973.5311901,2919.944702,1.261280824,52648525852,0.006528899,3198347.386,12464.40731,1350796441,3085879.847,19565.75146,1692.520589,0.84144931,29.38667536,6.264608592,790.5845765,0.100161634,0.04655803,0.987717711,0.929079271,-0.35417713,0.997906537,0.048091537,89.41037718,0.000179249,12.75293995,0.857862,0.001051916,178.8207544,8.638875863,5314.568013,8.623844605,3410.495385,0.552306945,0.408614965,40.31595142,5117.602949,12148.07919,2.285182186,19788.33992,0.005498143,0.002388477,0.767597592,10528.95393,0.00190349,39.37766887,0.006468919,5133.478628,12231.19827,1.043973059,12509.43662,0.002491725,0.002390264,7.764423082,5917.644391,0.972109628,0.985773902,0.014830798,0.9893383,12162.08429,0.002366637,29.78617458,0.005816476,5322.947619,13281.32259,1.786565124,17863.90998,0.0042459,0.002439314,3743.758836,0.731060113,0.879327779,12372.28079,0.002202,8.423080116,0.829311741,0.332565239,0.034655133,0.001853637,913879.6506,1.600941991,135.9811836
0.861411019,0.582863588,15.18896345,26.05920795,28.16025568,26.68332813,28.86173938,30.09983389,6325.125,22.44768887,0.849453836,1947.109689,0.307837345,6350,744,6194.2,82614593548,7.983211009,3185.5,2.880379569,10068,1772.890629,2909.148031,2269,254,9814,1324.376066,3606.961632,0.900777133,82614593548,0.005101172,4547029.943,19231.93731,1996939759,3556234.617,27707.30404,2222.248277,0.851950951,34.3111398,6.472485782,985.9639452,0.089215417,0.040112363,0.986422078,0.924507526,-0.390143667,0.999053971,0.041755673,113.3951509,0.000150527,12.95479635,0.868714907,0.000859497,226.7903018,8.934102855,7482.38808,8.818611845,3813.906772,0.60061524,0.35541209,32.39244094,7274.716859,18700.17213,2.078740157,29495.4348,0.003181642,0.001733408,0.802543001,16358.02485,0.001481588,31.69704816,0.005052379,7280.026286,18796.61085,1.036991838,19192.01833,0.001787147,0.001738539,8.060356017,6125.394838,0.976345451,0.987970927,0.012445248,0.990984605,18698.20236,0.001726723,24.66040516,0.004541511,7309.717774,19944.38858,1.644567219,26294.39761,0.002695898,0.00180799,4192.609576,0.772119627,0.900222923,18661.69919,0.001684355,8.619391806,0.85511811,0.277002805,0.026565166,0.001935748,1160329.783,2.261922702,135.9213941
0.628934322,0.409079835,12.16490335,29.73723543,31.57530681,21.58703314,33.52610923,33.52610923,4841.25,18.702768,0.814913964,1698.285512,0.350794839,4864,624,4422.8,33477657896,7.578112473,1898,3.665166375,8078,1171.049082,2169.143914,1784,204,7874,811.9369755,2623.498078,1.079081641,33477657896,0.006309446,2177556.844,9947.022894,535444191,1344043.679,12623.03981,1742.891769,0.758534904,29.8061615,6.257682015,802.5436611,0.097090511,0.044453448,0.983954383,0.919565612,-0.355491097,0.99779247,0.046497187,84.99678736,0.000186931,12.57286259,0.784912334,0.00088107,169.9935747,8.521050565,3591.482895,8.492638976,2783.70477,0.572307724,0.368983726,30.68914474,3483.971725,9769.879523,2.170230263,16695.25576,0.006453641,0.002730138,0.782815184,8363.299212,0.002090561,30.17571956,0.006286539,3491.068704,9818.143078,1.04081191,10068.1616,0.002855399,0.002725246,7.657498435,4677.221968,0.974360612,0.986842105,0.013864115,0.990191597,9757.316581,0.002696038,24.64979213,0.006028318,3567.620273,10431.51382,1.713377354,14489.70017,0.005232606,0.002650608,3060.973099,0.748587209,0.888367856,9669.092613,0.00235411,8.243255396,0.840666118,0.29838885,0.033526703,0.002115779,656402.1716,1.570508194,93.76860605
0.962628004,0.445116075,13.30368451,29.88812411,33.54101966,31.25699922,33.28663395,33.9705755,8100.541667,28.77114527,0.800092686,2437.922323,0.300957939,8128,654,3570,38489195688,7.262960606,1550,3.391575379,6404,925.9570901,1849.374508,1538,212,6192,654.671781,2176.093594,1.002601571,38489195688,0.007857819,1315197.257,6650.983546,187937637.8,614323.8903,7845.756427,769.5690337,0.821866451,20.52684385,5.76688972,336.2639042,0.119979008,0.058032227,0.988203263,0.927895063,-0.258507907,0.988203996,0.061020813,69.86618961,0.000188278,12.72716874,0.834830067,0.000891041,139.7323792,8.222096753,2153.831365,8.423847999,4067.343996,0.500411417,0.506682451,63.8683563,2104.394869,6525.597687,2.611466535,12767.28593,0.005277421,0.001699136,0.7262216,5253.15131,0.001185841,62.44765116,0.007818565,2110.684909,6566.661512,1.053724707,6790.667657,0.001804425,0.001692555,7.377409159,7716.014195,0.966026906,0.982662023,0.018065602,0.986976729,6511.43947,0.001665748,47.73247718,0.007385499,2180.810052,7067.259168,2.014853783,11005.15148,0.003943983,0.001629165,4452.387591,0.688904161,0.856207243,6335.981949,0.001387948,8.137963571,0.795152559,0.433244964,0.072539161,0.001512883,272187.3825,1.037906364,38.2605834
0.847451914,0.430011883,14.1238835,32.84533304,34.13209633,34.36568055,37.58989226,37.58989226,9253.375,27.83484036,0.80369597,2652.115554,0.286610621,9282,710,3282,39550030480,7.147625852,1308,3.522908697,6124,794.9372258,1806.79638,1582,242,5882,554.2941507,2064.204066,0.957172079,39550030480,0.008354589,996425.268,5671.860634,104295394.2,363390.0068,5764.842705,697.9861455,0.784343524,19.6681017,5.702797595,299.907122,0.121541506,0.058903842,0.988099042,0.927087575,-0.223712737,0.978973199,0.061597131,66.36567001,0.000184914,12.74409601,0.804858143,0.000778546,132.73134,8.081383846,1615.707213,8.347110774,4567.548158,0.492086636,0.518312859,77.54729584,1594.010794,5662.834303,2.663865546,11759.8914,0.004569298,0.001607636,0.720091665,4483.288018,0.001130107,75.8663849,0.008322249,1599.679449,5695.004165,1.055511605,5909.563855,0.001701938,0.001605085,7.267193425,8797.715051,0.965040411,0.982124211,0.018715321,0.98658812,5642.200329,0.001581599,58.41197327,0.007965631,1666.85927,6088.374744,2.054547934,9959.359062,0.003381789,0.001585487,5014.248602,0.683792254,0.853264384,5424.806651,0.001335796,8.048422843,0.790023702,0.452336753,0.078537195,0.00119334,268166.1854,0.849655873,28.93978519
0.980498611,0.497722271,12.98537545,26.08960096,30.59411708,28.86173938,29.06888371,30.85449724,6217.583333,25.5808175,0.815396493,2005.378535,0.322533439,6243,518,4206,36438106192,7.411588457,2189,2.630781943,7006,1188.523717,1960.73234,1476,200,6806,900.8073205,2415.912668,0.840296605,36438106192,0.00736484,1992162.711,8416.425938,326617320.8,883220.9136,11821.37587,1244.71934,0.810048215,25.7426531,6.067225575,549.5964557,0.10817368,0.051534198,0.984376964,0.919239162,-0.310319379,0.995091439,0.053385249,75.96235104,0.00019895,12.64655478,0.825163294,0.001156657,151.9247021,8.379709245,3266.523802,8.448544178,3317.241551,0.531353764,0.46481481,45.97869614,3187.796279,8222.361365,2.442255326,14663.29457,0.01173838,0.003700808,0.75321262,6881.564325,0.002427775,44.86892131,0.00730104,3191.361124,8275.658998,1.048466546,8509.277792,0.003934793,0.003673527,7.51255802,5958.152373,0.969448352,0.984376348,0.016348218,0.988289456,8217.816807,0.003609746,33.59693276,0.006605767,3216.672015,8922.772316,1.899921353,12929.03696,0.008256332,0.003355104,3675.904444,0.722749596,0.874374309,8168.761725,0.002728206,8.204523086,0.814672433,0.393196478,0.063732401,0.001712474,401632.9818,1.691386746,54.17589776
0.705486681,0.426013104,14.44298193,33.90267057,34.92849839,28.63564213,37.73592453,39.11521443,8383.541667,23.91788253,0.80785805,2470.400799,0.294672693,8412,470,3738,37143191536,7.126452028,1524.5,4.245776317,6894,1049.384495,1624.766049,1074,204,6690,696.0830267,2101.309272,1.405536645,37143191536,0.010207069,1775635.946,6263.42109,436324778.7,1409584.784,10863.46118,968.0788539,0.837048691,21.82299914,5.848903327,470.5797611,0.126196292,0.063461695,0.98736739,0.92954966,-0.272601709,0.989923738,0.066123085,61.5487991,0.000264838,12.47392128,0.850127301,0.001284437,123.0975982,8.127653156,2957.885008,8.324774967,3995.101046,0.474928798,0.594499706,85.861864,2841.203595,6148.20554,2.853067047,10808.8753,0.013898505,0.004376141,0.706139244,5172.886421,0.00284067,83.14432381,0.010078825,2858.47017,6213.430648,1.060642611,6383.2644,0.004681506,0.004359815,7.259336599,7940.712335,0.962521179,0.980659497,0.020682723,0.985571243,6171.514512,0.004286488,56.59521986,0.008670939,3051.341205,7038.546806,2.272100506,10054.60227,0.010676986,0.004130653,4410.670599,0.675757714,0.848597815,6456.82062,0.003338192,8.127931424,0.775915359,0.611094118,0.090849041,0.001317085,400925.8545,1.021026932,70.82134809
0.927460033,0.284942462,7.968519155,27.96536224,28.0713377,29.27456234,30.52867504,31.76476035,4126.708333,25.93675578,0.707048013,1759.696358,0.42641646,4155,422,1915.2,5924265824,6.270545286,722,5.750695695,4610,481.8002275,1012.514079,810,218,4392,313.2410611,1194.075409,1.56065494,5924265824,0.016760808,400631.3218,1561.658808,20407559.4,128095.7428,2042.008064,311.335134,0.730402756,12.86644315,5.102356192,141.6565463,0.163919552,0.088730093,0.990558922,0.935634805,-0.213069685,0.963387094,0.091061738,33.59908258,0.000586556,11.19812735,0.765489829,0.002527743,67.19816515,7.117897656,588.3357995,7.729214225,1611.852467,0.387930798,0.838590306,69.64115523,641.545199,1731.879904,3.733092659,4151.01781,0.025850877,0.006735969,0.623548866,1331.54149,0.003918771,67.04957882,0.016584063,648.1511129,1753.451625,1.085682232,1835.303349,0.007344784,0.006722235,6.442045109,3833.511147,0.948029627,0.973026011,0.029138559,0.979789835,1734.088458,0.00657699,42.57569516,0.014615755,730.9219669,2041.595606,3.181256437,3812.724682,0.021719168,0.006472268,1758.836595,0.603788738,0.805220969,1807.099211,0.004946137,7.471272407,0.701083032,1.146740543,0.126527299,0.002130275,90900.85192,0.540612733,33.34205177
0.724440742,0.460941624,14.11415664,30.62026925,25.96150997,32.984845,33.83784863,34.46737588,6818.708333,22.18257056,0.811195243,2143.680902,0.314382255,6845,598,8004.4,1.34963E+11,8.11051024,3630,4.693104556,15810,2451.145665,3146.279328,1744,202,15608,1624.32075,4440.382308,1.51872343,1.34963E+11,0.005839861,9817921.433,30156.72803,15617535414,20749586.01,61451.19991,4556.853109,0.862690989,43.60479526,6.771780063,2525.066314,0.092839013,0.044124827,0.989236217,0.939596329,-0.427981395,0.999552082,0.045708641,126.2105885,0.000170182,12.89829075,0.887612489,0.001021657,252.4211771,9.095162516,16502.01325,8.975976736,3961.732213,0.578777533,0.443838411,39.97384953,15708.72335,29719.36231,2.272753835,40135.42104,0.006128152,0.002252148,0.788452396,27336.81252,0.00164287,38.82323844,0.005749585,15782.55687,29997.98185,1.041794322,30389.58176,0.002368475,0.002241947,8.203904144,6572.671754,0.973359782,0.986447154,0.014051246,0.98982442,29900.23538,0.002211929,27.74986981,0.004816849,16581.82491,33387.04756,1.769310884,39462.28276,0.004493055,0.002113761,4404.458427,0.76453019,0.896070066,32015.76579,0.001831231,8.847026622,0.841636231,0.357582474,0.016577118,0.001735712,3530754.706,2.332420476,501.0152662
0.944450095,0.264938935,10.0355492,37.87872553,40.11234224,39.3192065,42.19004622,43.52011029,9228.291667,35.77456592,0.643097899,3308.424604,0.35850889,9261,510,1644,11233332936,6.036920388,624,3.426516877,3226,359.9247623,1007.492927,914,236,2990,257.2932118,1101.350044,0.847451899,11233332936,0.017796223,197929.9197,1247.766919,3180922.627,24548.72304,1028.212312,225.185698,0.64037272,11.4002525,4.935587357,93.19357502,0.170227663,0.092463395,0.985488258,0.918441689,-0.118826337,0.867325633,0.096217086,32.35714879,0.000521852,11.35742606,0.667576866,0.0018288,64.71429757,6.881563262,313.3495025,7.599675194,3467.747004,0.37444628,0.815800379,164.8108196,316.7380103,1329.614512,3.813735018,3966.838786,0.013751058,0.004175875,0.601304079,912.2860521,0.002839636,159.1142981,0.017678462,319.0905782,1339.702512,1.089010232,1427.018187,0.004500913,0.0041988,6.222263976,8511.240836,0.945527353,0.971867135,0.03006242,0.978827795,1318.881001,0.004127361,102.6874407,0.016242873,349.9730869,1477.18839,3.261784245,3526.037963,0.012106378,0.004563546,3635.003164,0.574976774,0.786908694,1236.124842,0.003849864,7.331701433,0.682647662,1.115897559,0.363640374,0.00090954,42778.60327,0.437527794,5.431824619
0.767534883,0.320690625,10.41378033,32.47298022,35.12833614,32.38826948,41.34005322,41.92851059,5454.25,24.92414507,0.653158831,2294.151082,0.420617148,5489,728,2478,15547068040,6.704746356,928,3.488353075,4498,550.820464,1534.777191,1438,254,4244,388.1876804,1682.974882,0.779490165,15547068040,0.011060694,476863.4273,3443.078551,21625430.65,89748.87941,2578.216864,454.4863086,0.701202994,16.38365231,5.423045801,179.9705269,0.131756704,0.064616334,0.98511306,0.916614047,-0.206745962,0.96773268,0.06820789,53.95800825,0.000288158,12.03949512,0.720079036,0.001109934,107.9160165,7.578812018,758.1757932,7.913532837,2654.162689,0.483542119,0.524597581,60.71215158,763.4551508,3458.292585,2.70814356,8056.305702,0.004430154,0.002023693,0.712419256,2624.092862,0.00163344,59.46047576,0.011035375,766.0187951,3470.950344,1.057105691,3629.434561,0.002114509,0.002035735,6.822610209,5194.781889,0.964051935,0.981627591,0.019223055,0.986193426,3432.40555,0.002016612,46.0716946,0.010724324,801.9842953,3628.08473,2.123137803,6655.38594,0.003710609,0.002213409,2908.980912,0.677137084,0.849440197,3174.331412,0.002007466,7.603117552,0.782656222,0.490620037,0.084365934,0.001700258,117447.3132,0.679779553,19.08710252
0.692972937,0.24548625,7.555161042,30.7763105,30.2654919,24.18677324,32.89376841,33.03028913,2922.541667,21.32715027,0.60595104,1631.374727,0.558204095,2947,486,1220,2300958204,5.497631146,379,4.997588438,2804,232.2022686,830.8741093,792,190,2614,158.31156,883.6174768,1.026095985,2300958204,0.026184686,90428.05982,786.4769387,651030.5776,6810.596258,374.5583363,175.5954584,0.35991368,10.25675414,4.753678313,68.76353652,0.178238447,0.09748263,0.985235226,0.916149592,-0.114358187,0.840852788,0.098023837,27.14198861,0.000988091,10.33059654,0.48138869,0.003196625,54.28397723,6.181474777,137.5384487,7.040720933,1078.713607,0.366037871,0.803755385,77.16627078,144.6396376,860.6152019,3.875466576,2941.03054,0.010085166,0.00323293,0.58807978,552.5379538,0.002204325,74.42148613,0.026006008,146.1628375,864.4324203,1.091630603,931.4969953,0.00348049,0.003256767,5.681097064,2701.656872,0.943926551,0.9710527,0.030855879,0.97817223,848.4053826,0.003203771,47.1160444,0.02377197,167.3954867,921.2885974,3.321392533,2559.690716,0.00916975,0.003599857,1106.509586,0.558279307,0.775909316,747.8663319,0.003027448,6.808076169,0.672548354,1.110574637,0.223403586,0.00220486,20075.2998,0.36650783,6.507263096
0.866779735,0.458334316,12.17584322,26.56541912,26.2488095,29.27456234,28.63564213,31.63858404,5212.75,23.02636696,0.794222993,1830.569687,0.351171586,5237,508,3246,19619147900,7.089468453,1544,3.092107783,5874,884.3026515,1610.99599,1286,214,5660,649.4722681,1935.524993,0.941731481,19619147900,0.0090309,1150948.918,5127.815173,121389249.8,436289.8756,6665.209569,934.6623785,0.75508019,22.61890653,5.877605565,398.4396019,0.114127673,0.054774986,0.983093872,0.914989463,-0.279310348,0.990538146,0.056920192,60.7799057,0.000245721,12.31342601,0.774603412,0.001158028,121.5598114,8.034669147,1899.967987,8.18828205,2712.436319,0.517937048,0.501738467,47.29482528,1840.974665,5085.905289,2.539049074,10078.50869,0.009165358,0.003524762,0.741953536,4121.183701,0.002606351,46.23735464,0.008976306,1844.466933,5113.018204,1.051074732,5287.624942,0.003710222,0.003522765,7.19421164,4985.816416,0.967869273,0.983563696,0.017241546,0.98767491,5069.540526,0.003478256,35.36079545,0.0083714,1883.578066,5447.475852,1.979876894,8478.828598,0.007030649,0.003515125,2995.405303,0.709139513,0.867259982,4912.866217,0.003049266,7.908636039,0.806568646,0.442723074,0.098485238,0.001664795,264664.407,1.387142107,36.77940147
0.655323085,0.401220578,12.67452927,31.58992827,29.42787794,26.01922366,35.51056181,35.51056181,5922.416667,20.70160923,0.795609076,1989.68214,0.335957811,5948,426,2804.6,15600814952,6.776792099,1276,3.234769144,5034,766.9952441,1323.873571,969,202,4832,553.5130951,1619.526888,1.064556464,15600814952,0.01193639,870226.1104,3456.932108,79544872.75,361346.8956,5230.525804,491.3674636,0.828551587,16.13281816,5.43060376,223.4913839,0.145321992,0.076026599,0.987654819,0.927616756,-0.253756779,0.983807335,0.0813351,47.66414228,0.000373033,11.9331436,0.844922664,0.001739183,95.32828456,7.730016761,1430.473317,8.075946167,2603.585071,0.437724457,0.668518327,70.99764627,1392.259493,3460.291695,3.15332885,7205.017653,0.023562353,0.006234524,0.673584632,2755.729541,0.003707292,68.58940426,0.011792756,1398.294906,3495.447669,1.069340496,3626.994364,0.006747951,0.006196485,6.921971304,5565.164568,0.956749124,0.977833532,0.023320607,0.983308031,3463.183825,0.006065453,45.21375423,0.010194759,1461.252433,3948.664036,2.529425028,6506.539121,0.017754108,0.005716468,2875.011274,0.648255079,0.832256274,3537.537667,0.004433341,7.84110848,0.745628783,0.730741857,0.137127406,0.001760285,140116.5833,0.985781147,31.44390834
0.72440346,0.437705661,14.14384953,32.31360888,26.17250466,35.17101079,35.4682957,36.59234893,7593.375,23.40809009,0.804577428,2322.056834,0.305800363,7621,398,2252,13043805076,6.410907251,830,4.51416728,4972,585.7883773,1069.904999,784,182,4790,381.9210422,1308.266345,1.435067296,13043805076,0.016081177,566864.1211,2219.866903,42967489.56,244611.7759,3346.254566,444.0736262,0.766565196,15.12327971,5.339723137,207.4664354,0.15361492,0.081978312,0.988612449,0.931186385,-0.196574755,0.958584512,0.084381308,38.65060583,0.000474234,11.72001204,0.784268739,0.001995568,77.30121166,7.376186361,947.582048,7.859324255,3029.33224,0.397497998,0.785410571,122.5546516,907.2862788,2226.545729,3.578664217,5124.241307,0.022311809,0.005516337,0.631157006,1691.331228,0.003222073,117.878115,0.015877114,913.5414225,2252.307376,1.081428582,2353.887517,0.006022549,0.005492805,6.582924516,7053.295463,0.949897889,0.974180655,0.027465638,0.980566538,2227.626058,0.005370413,73.43917793,0.01359733,982.5290876,2586.516016,2.996296982,4693.793557,0.018308724,0.005198612,3279.986114,0.607292374,0.807496724,2260.713279,0.00403784,7.645058959,0.708699646,1.005277229,0.222131742,0.001178502,114791.5594,0.675041751,22.20976852
0.520574665,0.37010668,12.82897528,34.66291204,23.53720459,29.42787794,37.73592453,37.94733192,5727.583333,18.04463381,0.789812311,1960.083187,0.342218187,5754,518,2243.4,11807908772,6.582132112,979.5,3.164750111,4518,553.666343,1263.553354,1110,202,4316,405.1712727,1432.522875,0.825588707,11807908772,0.012161524,455554.7098,2600.419672,17540674.64,86356.46169,2513.40063,433.6116237,0.706267737,15.8745837,5.385837561,175.7272126,0.136077892,0.067754376,0.986270906,0.920245223,-0.192135152,0.958973176,0.071195995,45.60723024,0.000314746,11.9750937,0.725076563,0.001383734,91.21446049,7.486466294,736.7530635,7.863565623,2646.770247,0.459987877,0.561049852,69.97740702,728.6915108,2582.89642,2.87035106,6301.355926,0.011518883,0.004294364,0.689626659,1929.082224,0.002908326,68.28947744,0.012110142,730.9110892,2593.964684,1.062258892,2720.16888,0.004553331,0.004298228,6.712470251,5418.989853,0.960914113,0.980013903,0.020934978,0.984961434,2563.011353,0.004236351,50.77611262,0.011529544,758.599938,2737.597184,2.242960945,5223.061308,0.009147922,0.004308215,2865.349682,0.65062436,0.834198324,2378.842531,0.003499823,7.56270099,0.765380605,0.535915455,0.1437887,0.001598683,92169.18559,0.760703725,15.81514671
0.914042799,0.536700804,16.46803566,30.68382894,31.40063694,35.90264614,34.88552709,36.57868232,10048.95833,28.0463329,0.834600058,2698.27625,0.26851303,10078,814,15792,5.4191E+11,7.889820356,6091.5,2.771786626,15792,4281.495067,5170.429252,2708,196,15596,4404.961494,7332.909533,1.130687422,5.4191E+11,0.018213994,27038223.57,85417.33758,70565710589,68091076.68,168135.4259,11069.10269,0.877057156,62.24732767,7.060435496,6842.051488,0.165042427,0.128388671,0.976277473,0.920707405,-0.413521556,0.999250496,0.030786434,214.7905943,0.009922202,12.54561582,0.896736053,0.0987354,429.5811887,9.036648797,44801.13214,9.032203306,4963.032546,0.492462051,43.18365875,183.5606271,43240.49745,83363.5131,56.04326255,21272698.57,0.002501006,0.000849572,0.725544414,34150.24371,0.000615935,49.14923011,0.005406025,27936.81956,53252.70453,1.85360384,374805.6047,0.000981201,0.000925787,8.464164577,8426.136806,0.928551354,0.900537347,0.61955539,0.968430605,43810.99638,0.000912675,30.6232859,0.003961615,22022.42339,45102.67581,196.2983182,76129998.9,0.002308264,0.00087851,6157.051229,0.796513742,0.912302204,43880.67544,0.000756652,8.9852474,0.767017265,194.59855,0.054714321,0.000137419,6744068.553,7.270318818,337.0042005
0.747461943,0.431596464,16.45882093,38.13474458,41.19465985,36.40054945,44.38468204,44.42971978,12204.16667,28.50427029,0.783189219,3273.07666,0.268193376,12238,1038,15792,7.37141E+11,7.877909902,7013.5,2.455673672,15792,4442.923277,5681.09397,3185,212,15580,4539.004677,7761.044936,0.99741958,7.37141E+11,0.023088478,27958989.8,95916.85534,67319683222,62797382.09,173717.1073,9702.253238,0.894640975,59.09248803,6.958502867,5868.821491,0.180484666,0.145468196,0.97864872,0.923552582,-0.406072668,0.999123086,0.027977979,234.2917333,0.01437353,12.54698518,0.90915027,0.119083414,468.5834666,8.998597534,45854.84014,8.996044555,6062.178134,0.495356932,51.61203871,282.5567903,44711.26131,92995.16498,67.88249714,25879796.01,0.001802773,0.000776084,0.725795021,35883.76091,0.000629748,56.08823901,0.005174085,27790.29526,57076.84734,2.139980528,490774.5196,0.000903264,0.000867881,8.565851231,9935.354961,0.919368233,0.883320553,0.857041823,0.963681201,45399.35754,0.000859912,33.32815013,0.003574064,21554.00698,47676.7126,326.5029491,126619373.9,0.002277594,0.000873375,7632.213941,0.818467983,0.922766427,46444.93188,0.000795054,9.038358935,0.76197091,324.7805919,0.064329667,0.000102885,6173417.842,6.748179126,299.2245304
0.835643864,0.554695648,14.97327778,26.99368172,30.3644529,27.65863337,30.3644529,31.08054054,6442.666667,22.5571045,0.834209603,2007.178737,0.311544713,6468,789.4,15724,3.48584E+11,8.212398536,6432.5,2.722173285,15792,4137.117986,5365.690785,3264,202,15590,3031.042886,7341.228177,1.045825302,3.48584E+11,0.01254217,25102993.55,84491.99661,56857948133,53146887.64,150835.2389,14891.2067,0.821131884,76.04185185,7.394446995,8519.80702,0.129367862,0.097845439,0.969246472,0.904696823,-0.482187973,0.999819753,0.023424033,224.6898011,0.00590398,12.51252764,0.850518239,0.07563856,449.3796021,9.332508213,41431.6114,9.133860575,3797.682127,0.58714937,32.59027661,81.12275819,40147.38941,83049.98036,41.24304267,15544237.91,0.003403143,0.001734621,0.789334452,42587.64592,0.001422059,26.40456125,0.004404474,29469.49221,60889.11228,1.547086925,265918.52,0.001916703,0.001854931,8.641015885,5652.690991,0.94450331,0.925324675,0.378451948,0.975433726,53260.83779,0.001840229,17.25249294,0.003246001,24092.3639,52492.12794,77.91683913,29878520.81,0.002998872,0.001836367,4513.291627,0.849161172,0.937236438,51078.85687,0.001665659,9.013168107,0.821737786,76.4359127,0.033513488,0.000248359,8474226.589,9.349789511,361.8993996
0.715445124,0.402362455,12.21364299,30.35482768,31.78049716,25.70992026,33.24154028,35.29872519,5730.291667,21.71721345,0.799074241,1937.974888,0.338198298,5756,716,12793,2.48848E+11,8.35823966,5730.5,3.181033711,15792,3774.589884,4672.361362,2538,204,15588,2646.79253,6575.161516,1.190128124,2.48848E+11,0.006088399,21401788.26,66926.80747,48741081207,49188765.89,130919.2323,13043.70512,0.820425362,72.83387173,7.409701951,7115.742749,0.09112407,0.054211115,0.972015736,0.907285603,-0.484376184,0.99985385,0.029222757,193.5021439,0.000891314,12.76198693,0.858825665,0.026396111,387.0042878,9.443043781,35990.73436,9.157447765,3577.107366,0.621457152,8.687235147,35.04482279,34233.38366,66422.01998,12.02883947,4095877.354,0.00626401,0.002084657,0.814330815,45173.86985,0.001322271,25.7525918,0.00461781,30200.46724,58887.18098,1.167107937,114371.106,0.00228198,0.002104152,8.538449404,5342.674026,0.958685553,0.968153632,0.099751344,0.983359171,54710.70262,0.002076116,18.36593317,0.00374204,26207.50076,53758.15709,17.05175224,6148522.402,0.004417759,0.001748949,4066.276284,0.82849965,0.927593018,52200.36951,0.001381818,8.981446516,0.852675469,15.67634134,0.018556399,0.000650996,8062261.081,8.013405564,405.742931
0.812081417,0.569542664,16.21582774,28.47166468,29,28.86173938,31.90611227,33.04542328,7535.291667,23.1213098,0.828762147,2242.784756,0.297637418,7562,572,11355.6,2.47512E+11,8.024241596,3603,4.571664361,15792,3284.059484,3742.184607,1772,184,15608,1918.233869,5721.100493,1.651332396,2.47512E+11,0.007011106,18727045.22,51184.64122,56214541697,60067071.32,117125.0835,9210.323566,0.855115374,58.30990668,7.093951919,5449.93156,0.107116596,0.064299363,0.979682794,0.924079846,-0.414685443,0.999396119,0.038457537,155.5481129,0.000923326,12.89550101,0.875549336,0.027529077,311.0962259,9.14927736,31583.85176,8.996257812,4262.588733,0.563685365,10.59138032,53.01798466,29957.13917,50461.16742,14.35175879,4877695.019,0.006817453,0.00222404,0.777820858,31874.62901,0.001566266,42.19813955,0.005788111,24745.32639,42096.41798,1.186557566,101574.6877,0.002406882,0.002260107,8.211819184,6946.770889,0.953053228,0.963878095,0.109853722,0.980997449,37948.75341,0.002225707,31.46050312,0.005040939,21926.91495,39386.42349,18.12401859,6494020.241,0.004728232,0.002085059,4899.039737,0.784976724,0.906468813,38068.52056,0.001770688,8.783704049,0.825310764,16.65588701,0.020139858,0.00069062,6041877.556,4.895490062,477.0706404
0.777281977,0.363305904,12.098613,33.30144886,38.47076812,29.42787794,34.20526275,38.58756276,7423.166667,25.88461601,0.764833093,2406.081097,0.324131359,7452,608,5693.8,72851992308,7.70200223,2854.5,3.017790775,8938,1647.579561,2420.513419,1566,226,8712,1206.947435,3126.686175,1.057162362,72851992308,0.006784195,3917281.227,14561.44323,1459969182,3209943.307,23432.16149,2248.511737,0.825555558,34.22693208,6.441756644,985.6073034,0.091837502,0.041751719,0.982840154,0.916733781,-0.343151222,0.997625556,0.043909181,96.21985002,0.000161435,12.95709072,0.836474691,0.000825743,192.4397,8.720276507,6420.168306,8.596097936,4390.537305,0.589175699,0.347026912,50.55582394,6268.32379,14072.47665,2.089908749,22364.52925,0.010851879,0.00306202,0.794119215,12237.25791,0.00199958,49.54384607,0.006731213,6280.484721,14146.29981,1.037878806,14453.2332,0.003280822,0.003021328,7.784686762,7181.909277,0.975714442,0.987685288,0.01269087,0.990735662,14069.95018,0.002968996,38.81654563,0.006128283,6408.839911,15049.41411,1.649826334,20007.01516,0.006874832,0.002618288,4807.05652,0.758929037,0.893798872,14030.38198,0.002163799,8.397503503,0.849973162,0.265655881,0.041638888,0.001508953,887689.2783,1.825878531,122.8680247
0.786836177,0.504230056,15.36828729,30.47872117,33.24154028,29.01723626,32.80243893,35.79106034,8042.75,23.98176045,0.828233806,2343.873764,0.291426908,8070,818,11561.6,2.80267E+11,8.250332598,4049.5,4.235396845,15788,3261.122639,4112.212639,2210,216,15572,2020.494497,5893.177299,1.528038707,2.80267E+11,0.005629275,17819245.89,55234.74083,47856625252,52093754.37,112299.2756,6746.392545,0.887272671,53.48085832,7.056113168,3642.961406,0.096237037,0.05451715,0.984277068,0.927804175,-0.426165361,0.999588613,0.033553345,169.8052126,0.00061664,13.13379741,0.898503125,0.022011354,339.6104252,9.331551559,29761.41704,9.13445445,4785.781413,0.593033632,8.456706175,45.42825279,28509.43615,53160.38166,11.62131351,3861764.912,0.002286033,0.00106753,0.79706813,37153.90379,0.00085274,37.58463675,0.004800454,24646.02313,46615.30611,1.152170143,94185.58401,0.001128574,0.001086863,8.407229645,7516.636539,0.960186081,0.970040988,0.08922978,0.983986977,43250.225,0.001076717,28.97708578,0.004256329,22521.77591,44840.94213,13.28113984,4632245.991,0.001813773,0.001079406,5408.992949,0.794505427,0.911456132,43435.18825,0.000969577,8.937614154,0.84361834,11.87603744,0.014187809,0.000995407,4654498.978,3.5531164,546.9462256
0.767546193,0.504154568,15.45673761,30.65872766,34.78505426,28.7923601,32.89376841,36.30426972,7879.041667,23.5319897,0.813164766,2354.802581,0.298869162,7906,736,9495,2.1392E+11,8.239351529,3669.5,4.890784809,15788,2853.263265,3625.471794,1952,220,15568,1762.16752,5201.720821,1.638345824,2.1392E+11,0.005161169,13913853.78,43078.8942,34060730729,39137949.3,88284.26576,4879.495733,0.89578166,46.87331744,6.900232997,2542.874329,0.086299152,0.041211979,0.988282861,0.935052366,-0.421652838,0.99956256,0.038258236,149.0533327,0.000146011,13.18939972,0.905333594,0.00424533,298.1066653,9.29443008,23290.94037,9.075397415,4780.767012,0.604701115,1.375073186,40.80419934,22262.47173,41179.88895,3.314444726,558216.0493,0.003395473,0.001324562,0.805494638,34661.58685,0.001001372,39.58866739,0.005084142,21538.4584,40160.08624,1.049937477,46483.35134,0.001390045,0.001323119,8.33313327,7572.203391,0.972437721,0.984899492,0.018983866,0.989367978,39219.2581,0.001307276,30.67529969,0.004539781,21100.40994,41371.4351,2.706526565,483361.6602,0.002440763,0.001261935,5309.512062,0.785779497,0.906896848,40004.96501,0.001109871,8.899247333,0.854667341,1.337519208,0.012026049,0.001626384,3943869.826,2.493990051,620.0950372
0.788125726,0.444720839,12.62266704,28.38334959,32.984845,27.51363298,27.29468813,33.37663854,5680.25,22.36964799,0.794766728,1937.118017,0.341026895,5712,556,7771.6,96177279856,7.913225128,3021,4.432386294,15250,2307.658879,2842.714986,1470,164,15086,1464.100242,4103.383857,1.539182871,96177279856,0.006709853,8756730.587,26545.52893,11411070115,17303610.51,54950.32979,4422.167746,0.852232148,43.29652002,6.731629221,2394.106747,0.0967523,0.04692235,0.988703588,0.938228488,-0.427793047,0.999482112,0.048570125,117.9169012,0.000197897,12.64250299,0.874458136,0.001103221,235.8338024,8.931601063,14843.12438,8.817526112,3172.569328,0.555421801,0.429923808,38.32668067,14011.99264,25725.46936,2.31477591,37845.25858,0.007131109,0.00203087,0.771341863,23075.3157,0.001344275,37.30326226,0.006625629,14078.75881,25951.60922,1.04463062,26399.56336,0.002173912,0.00200946,8.008485116,5473.41256,0.972130222,0.985657725,0.015243471,0.989331018,25840.46297,0.001973877,26.78669483,0.005657169,14846.9279,28840.49377,1.83062302,35876.14509,0.006127609,0.001767242,3515.972334,0.742549595,0.884914022,27317.08818,0.001493473,8.692905419,0.828956583,0.375376964,0.0166415,0.00199028,2509866.821,2.366605412,470.1007637
